antibody_id,Target,Representation,Model,Fold,Observed,Predicted
GDPa1-002,AC_SINS,Embeddings,ElasticNet,0,1.5,3.59657326242273
GDPa1-004,AC_SINS,Embeddings,ElasticNet,0,-0.375,-5.95623860495183
GDPa1-005,AC_SINS,Embeddings,ElasticNet,0,7.5,0.4784007597558002
GDPa1-006,AC_SINS,Embeddings,ElasticNet,0,27.0,3.3631015701525495
GDPa1-013,AC_SINS,Embeddings,ElasticNet,0,1.0,6.153768090066821
GDPa1-014,AC_SINS,Embeddings,ElasticNet,0,8.5,10.007471449375204
GDPa1-023,AC_SINS,Embeddings,ElasticNet,0,1.125,4.178045184821588
GDPa1-026,AC_SINS,Embeddings,ElasticNet,0,2.625,1.538723560737533
GDPa1-029,AC_SINS,Embeddings,ElasticNet,0,20.125,12.652895745208713
GDPa1-042,AC_SINS,Embeddings,ElasticNet,0,1.625,8.041798395262255
GDPa1-046,AC_SINS,Embeddings,ElasticNet,0,0.125,-1.577707000252488
GDPa1-051,AC_SINS,Embeddings,ElasticNet,0,-0.375,-14.338328716747071
GDPa1-053,AC_SINS,Embeddings,ElasticNet,0,0.0,11.531876518176054
GDPa1-060,AC_SINS,Embeddings,ElasticNet,0,1.625,8.110432953973357
GDPa1-062,AC_SINS,Embeddings,ElasticNet,0,11.5,-7.999924047013845
GDPa1-065,AC_SINS,Embeddings,ElasticNet,0,-0.375,-4.755344061919503
GDPa1-066,AC_SINS,Embeddings,ElasticNet,0,-0.375,8.621435027179087
GDPa1-069,AC_SINS,Embeddings,ElasticNet,0,-0.5,-4.796964945141399
GDPa1-072,AC_SINS,Embeddings,ElasticNet,0,23.0,12.91421296087556
GDPa1-073,AC_SINS,Embeddings,ElasticNet,0,-0.375,2.4199200928327897
GDPa1-076,AC_SINS,Embeddings,ElasticNet,0,3.0,7.105548362244379
GDPa1-079,AC_SINS,Embeddings,ElasticNet,0,1.5,10.370101293432299
GDPa1-083,AC_SINS,Embeddings,ElasticNet,0,0.125,-5.9233094134553
GDPa1-087,AC_SINS,Embeddings,ElasticNet,0,0.0,4.4846692682269245
GDPa1-092,AC_SINS,Embeddings,ElasticNet,0,3.625,5.4462427903554875
GDPa1-097,AC_SINS,Embeddings,ElasticNet,0,1.0,-4.997749735132318
GDPa1-111,AC_SINS,Embeddings,ElasticNet,0,19.625,-1.4018430049131503
GDPa1-120,AC_SINS,Embeddings,ElasticNet,0,26.125,3.337970520293348
GDPa1-131,AC_SINS,Embeddings,ElasticNet,0,1.0,3.709922605584617
GDPa1-138,AC_SINS,Embeddings,ElasticNet,0,20.625,10.604532591688066
GDPa1-142,AC_SINS,Embeddings,ElasticNet,0,1.125,-5.660375143942986
GDPa1-146,AC_SINS,Embeddings,ElasticNet,0,2.125,-10.752851786699765
GDPa1-154,AC_SINS,Embeddings,ElasticNet,0,12.625,3.837615852685206
GDPa1-159,AC_SINS,Embeddings,ElasticNet,0,0.0,3.564917565693415
GDPa1-161,AC_SINS,Embeddings,ElasticNet,0,-0.375,3.525591740172379
GDPa1-172,AC_SINS,Embeddings,ElasticNet,0,0.625,-6.782093212980767
GDPa1-175,AC_SINS,Embeddings,ElasticNet,0,-0.375,5.618278049717331
GDPa1-177,AC_SINS,Embeddings,ElasticNet,0,0.0,5.486607154765474
GDPa1-179,AC_SINS,Embeddings,ElasticNet,0,-1.875,-4.162408556520948
GDPa1-181,AC_SINS,Embeddings,ElasticNet,0,19.125,15.538108793867863
GDPa1-182,AC_SINS,Embeddings,ElasticNet,0,0.625,-3.454420349533928
GDPa1-187,AC_SINS,Embeddings,ElasticNet,0,0.125,7.881430955543122
GDPa1-188,AC_SINS,Embeddings,ElasticNet,0,6.125,4.8377493095654565
GDPa1-196,AC_SINS,Embeddings,ElasticNet,0,-0.375,-12.238604756003323
GDPa1-197,AC_SINS,Embeddings,ElasticNet,0,9.0,4.583665919084127
GDPa1-200,AC_SINS,Embeddings,ElasticNet,0,0.125,2.8714247909146176
GDPa1-209,AC_SINS,Embeddings,ElasticNet,0,2.0,3.928957143430701
GDPa1-222,AC_SINS,Embeddings,ElasticNet,0,12.0,10.783072081161315
GDPa1-225,AC_SINS,Embeddings,ElasticNet,0,2.125,9.108556983087519
GDPa1-230,AC_SINS,Embeddings,ElasticNet,0,1.0,-2.684735213699751
GDPa1-238,AC_SINS,Embeddings,ElasticNet,0,15.625,8.108830649578413
GDPa1-242,AC_SINS,Embeddings,ElasticNet,0,18.0,5.747369495200475
GDPa1-244,AC_SINS,Embeddings,ElasticNet,0,-1.375,3.4077805602767595
GDPa1-016,AC_SINS,Embeddings,ElasticNet,1,-0.875,11.67937778829036
GDPa1-019,AC_SINS,Embeddings,ElasticNet,1,5.625,13.967697837509501
GDPa1-021,AC_SINS,Embeddings,ElasticNet,1,-1.375,3.04065154296541
GDPa1-022,AC_SINS,Embeddings,ElasticNet,1,14.625,12.193508859763536
GDPa1-036,AC_SINS,Embeddings,ElasticNet,1,-0.875,2.971992565290143
GDPa1-039,AC_SINS,Embeddings,ElasticNet,1,15.5,17.105643144014714
GDPa1-041,AC_SINS,Embeddings,ElasticNet,1,1.125,9.551173161298827
GDPa1-044,AC_SINS,Embeddings,ElasticNet,1,1.125,3.5754935207612677
GDPa1-054,AC_SINS,Embeddings,ElasticNet,1,-0.375,13.076007364659535
GDPa1-061,AC_SINS,Embeddings,ElasticNet,1,8.0,15.629571599527933
GDPa1-070,AC_SINS,Embeddings,ElasticNet,1,0.125,7.191518664754063
GDPa1-074,AC_SINS,Embeddings,ElasticNet,1,2.0,16.22623054025444
GDPa1-075,AC_SINS,Embeddings,ElasticNet,1,11.0,7.3136787887359995
GDPa1-080,AC_SINS,Embeddings,ElasticNet,1,1.125,4.814842209503759
GDPa1-082,AC_SINS,Embeddings,ElasticNet,1,-0.375,15.470709780563775
GDPa1-096,AC_SINS,Embeddings,ElasticNet,1,-0.875,7.68526153336939
GDPa1-098,AC_SINS,Embeddings,ElasticNet,1,-0.375,5.344942440860262
GDPa1-101,AC_SINS,Embeddings,ElasticNet,1,19.125,5.9595291667491885
GDPa1-107,AC_SINS,Embeddings,ElasticNet,1,0.125,10.735416191784024
GDPa1-115,AC_SINS,Embeddings,ElasticNet,1,-0.375,7.301395732011055
GDPa1-119,AC_SINS,Embeddings,ElasticNet,1,0.0,7.042101481482508
GDPa1-126,AC_SINS,Embeddings,ElasticNet,1,-0.375,-4.599231034925017
GDPa1-129,AC_SINS,Embeddings,ElasticNet,1,12.0,8.854283918138526
GDPa1-130,AC_SINS,Embeddings,ElasticNet,1,-0.5,7.301395732011055
GDPa1-134,AC_SINS,Embeddings,ElasticNet,1,-0.375,8.837201657274004
GDPa1-141,AC_SINS,Embeddings,ElasticNet,1,-0.5,10.704900273520256
GDPa1-149,AC_SINS,Embeddings,ElasticNet,1,0.0,15.461222031073284
GDPa1-152,AC_SINS,Embeddings,ElasticNet,1,3.625,11.47761045812056
GDPa1-158,AC_SINS,Embeddings,ElasticNet,1,0.625,-3.7613840635386904
GDPa1-164,AC_SINS,Embeddings,ElasticNet,1,3.125,-2.8452319474661003
GDPa1-165,AC_SINS,Embeddings,ElasticNet,1,7.5,23.565203848716088
GDPa1-169,AC_SINS,Embeddings,ElasticNet,1,12.125,0.8242584377565123
GDPa1-170,AC_SINS,Embeddings,ElasticNet,1,-0.375,1.4227376273184813
GDPa1-171,AC_SINS,Embeddings,ElasticNet,1,-0.875,4.983808919162133
GDPa1-176,AC_SINS,Embeddings,ElasticNet,1,0.125,4.987687938111341
GDPa1-185,AC_SINS,Embeddings,ElasticNet,1,-0.375,11.171714455943526
GDPa1-190,AC_SINS,Embeddings,ElasticNet,1,7.5,15.0446711103588
GDPa1-191,AC_SINS,Embeddings,ElasticNet,1,1.125,9.319305915390695
GDPa1-193,AC_SINS,Embeddings,ElasticNet,1,5.5,9.999328338276625
GDPa1-199,AC_SINS,Embeddings,ElasticNet,1,0.625,1.975364474739921
GDPa1-201,AC_SINS,Embeddings,ElasticNet,1,10.625,-4.5664869113611015
GDPa1-203,AC_SINS,Embeddings,ElasticNet,1,-0.875,3.2185257291748712
GDPa1-211,AC_SINS,Embeddings,ElasticNet,1,-1.375,7.616911683864884
GDPa1-215,AC_SINS,Embeddings,ElasticNet,1,3.5,18.511256388267206
GDPa1-219,AC_SINS,Embeddings,ElasticNet,1,17.0,15.805212630133823
GDPa1-223,AC_SINS,Embeddings,ElasticNet,1,0.625,3.0245278626697525
GDPa1-237,AC_SINS,Embeddings,ElasticNet,1,-0.875,-4.381019308392041
GDPa1-241,AC_SINS,Embeddings,ElasticNet,1,-0.375,11.694755507906805
GDPa1-001,AC_SINS,Embeddings,ElasticNet,2,2.125,10.47097963012044
GDPa1-003,AC_SINS,Embeddings,ElasticNet,2,1.0,-8.829454828163698
GDPa1-008,AC_SINS,Embeddings,ElasticNet,2,3.125,3.5676908339043165
GDPa1-009,AC_SINS,Embeddings,ElasticNet,2,18.125,2.821553836917724
GDPa1-017,AC_SINS,Embeddings,ElasticNet,2,22.125,10.566779048947305
GDPa1-018,AC_SINS,Embeddings,ElasticNet,2,27.0,-1.0352790462623167
GDPa1-027,AC_SINS,Embeddings,ElasticNet,2,20.125,12.18268054848967
GDPa1-033,AC_SINS,Embeddings,ElasticNet,2,14.0,9.154144847010748
GDPa1-048,AC_SINS,Embeddings,ElasticNet,2,1.625,8.023261842924136
GDPa1-056,AC_SINS,Embeddings,ElasticNet,2,0.625,4.6773082973343465
GDPa1-064,AC_SINS,Embeddings,ElasticNet,2,4.5,5.037135898075264
GDPa1-067,AC_SINS,Embeddings,ElasticNet,2,0.0,13.753554579141127
GDPa1-078,AC_SINS,Embeddings,ElasticNet,2,19.125,22.04724211642035
GDPa1-086,AC_SINS,Embeddings,ElasticNet,2,21.125,-4.975768826333689
GDPa1-088,AC_SINS,Embeddings,ElasticNet,2,20.625,16.514187447803124
GDPa1-091,AC_SINS,Embeddings,ElasticNet,2,15.125,5.0990469248196835
GDPa1-095,AC_SINS,Embeddings,ElasticNet,2,1.0,17.5741424776289
GDPa1-099,AC_SINS,Embeddings,ElasticNet,2,2.0,7.397563483200868
GDPa1-102,AC_SINS,Embeddings,ElasticNet,2,8.0,5.720110507383446
GDPa1-106,AC_SINS,Embeddings,ElasticNet,2,4.5,12.236167997379981
GDPa1-112,AC_SINS,Embeddings,ElasticNet,2,3.125,17.45591270802469
GDPa1-113,AC_SINS,Embeddings,ElasticNet,2,7.0,9.390599260828338
GDPa1-114,AC_SINS,Embeddings,ElasticNet,2,-0.375,-0.3617927940302028
GDPa1-121,AC_SINS,Embeddings,ElasticNet,2,27.5,13.300064504124748
GDPa1-122,AC_SINS,Embeddings,ElasticNet,2,0.0,-8.055847177529657
GDPa1-128,AC_SINS,Embeddings,ElasticNet,2,2.0,8.65209611412292
GDPa1-133,AC_SINS,Embeddings,ElasticNet,2,0.0,-4.93582983543621
GDPa1-135,AC_SINS,Embeddings,ElasticNet,2,1.25,6.405046654276815
GDPa1-148,AC_SINS,Embeddings,ElasticNet,2,-0.875,5.367094575061341
GDPa1-155,AC_SINS,Embeddings,ElasticNet,2,0.625,7.047806730323559
GDPa1-160,AC_SINS,Embeddings,ElasticNet,2,14.625,-1.7597844956638165
GDPa1-162,AC_SINS,Embeddings,ElasticNet,2,1.125,5.008926747888813
GDPa1-184,AC_SINS,Embeddings,ElasticNet,2,-0.375,-3.857708685100591
GDPa1-186,AC_SINS,Embeddings,ElasticNet,2,12.625,12.874158215397909
GDPa1-189,AC_SINS,Embeddings,ElasticNet,2,3.5,8.370460359830352
GDPa1-194,AC_SINS,Embeddings,ElasticNet,2,3.0,10.68118848911898
GDPa1-195,AC_SINS,Embeddings,ElasticNet,2,28.625,8.288017275554743
GDPa1-202,AC_SINS,Embeddings,ElasticNet,2,-0.875,-12.293437636372378
GDPa1-210,AC_SINS,Embeddings,ElasticNet,2,28.0,11.073699930082718
GDPa1-214,AC_SINS,Embeddings,ElasticNet,2,3.125,7.367169467343228
GDPa1-220,AC_SINS,Embeddings,ElasticNet,2,27.125,7.628243239764446
GDPa1-224,AC_SINS,Embeddings,ElasticNet,2,10.5,2.934724691015761
GDPa1-228,AC_SINS,Embeddings,ElasticNet,2,1.125,15.038565739975692
GDPa1-229,AC_SINS,Embeddings,ElasticNet,2,9.0,1.936198670398733
GDPa1-231,AC_SINS,Embeddings,ElasticNet,2,-0.375,7.62594431455271
GDPa1-232,AC_SINS,Embeddings,ElasticNet,2,10.125,12.776909630601349
GDPa1-233,AC_SINS,Embeddings,ElasticNet,2,7.0,6.37020666223743
GDPa1-234,AC_SINS,Embeddings,ElasticNet,2,14.0,5.28771335717164
GDPa1-007,AC_SINS,Embeddings,ElasticNet,3,-1.375,2.643141511941664
GDPa1-010,AC_SINS,Embeddings,ElasticNet,3,-0.5,4.677545822707158
GDPa1-012,AC_SINS,Embeddings,ElasticNet,3,-0.875,2.4929498448069256
GDPa1-024,AC_SINS,Embeddings,ElasticNet,3,17.125,16.096295717814534
GDPa1-037,AC_SINS,Embeddings,ElasticNet,3,-0.375,1.8039650068747841
GDPa1-038,AC_SINS,Embeddings,ElasticNet,3,15.0,18.599063961682035
GDPa1-040,AC_SINS,Embeddings,ElasticNet,3,0.0,-1.7174082739852041
GDPa1-043,AC_SINS,Embeddings,ElasticNet,3,15.5,1.2689958032277184
GDPa1-055,AC_SINS,Embeddings,ElasticNet,3,3.125,5.563397718599686
GDPa1-058,AC_SINS,Embeddings,ElasticNet,3,1.0,3.9645703073629086
GDPa1-077,AC_SINS,Embeddings,ElasticNet,3,16.0,10.062283046495294
GDPa1-081,AC_SINS,Embeddings,ElasticNet,3,2.5,10.16553381898958
GDPa1-090,AC_SINS,Embeddings,ElasticNet,3,0.5,5.906995528090452
GDPa1-094,AC_SINS,Embeddings,ElasticNet,3,4.0,9.301043910393824
GDPa1-100,AC_SINS,Embeddings,ElasticNet,3,-1.375,-0.11716717990180037
GDPa1-104,AC_SINS,Embeddings,ElasticNet,3,27.0,20.2827296367136
GDPa1-108,AC_SINS,Embeddings,ElasticNet,3,0.125,8.394736406738629
GDPa1-109,AC_SINS,Embeddings,ElasticNet,3,-0.375,-6.309722256108661
GDPa1-116,AC_SINS,Embeddings,ElasticNet,3,0.625,4.505422511143712
GDPa1-123,AC_SINS,Embeddings,ElasticNet,3,24.5,9.64426191228722
GDPa1-125,AC_SINS,Embeddings,ElasticNet,3,8.0,4.848406051095976
GDPa1-127,AC_SINS,Embeddings,ElasticNet,3,11.625,6.028198651720438
GDPa1-136,AC_SINS,Embeddings,ElasticNet,3,-0.875,12.375283169749352
GDPa1-144,AC_SINS,Embeddings,ElasticNet,3,0.625,5.190416415343932
GDPa1-147,AC_SINS,Embeddings,ElasticNet,3,2.125,10.345166573973554
GDPa1-156,AC_SINS,Embeddings,ElasticNet,3,-0.375,7.981356637507675
GDPa1-163,AC_SINS,Embeddings,ElasticNet,3,21.625,18.343688484470338
GDPa1-166,AC_SINS,Embeddings,ElasticNet,3,2.5,14.475928447060891
GDPa1-168,AC_SINS,Embeddings,ElasticNet,3,-1.375,10.403268188616543
GDPa1-173,AC_SINS,Embeddings,ElasticNet,3,10.0,6.946878930111759
GDPa1-192,AC_SINS,Embeddings,ElasticNet,3,22.125,13.195048098649913
GDPa1-198,AC_SINS,Embeddings,ElasticNet,3,-0.375,-1.656427682392322
GDPa1-204,AC_SINS,Embeddings,ElasticNet,3,17.0,-2.7112342638703355
GDPa1-206,AC_SINS,Embeddings,ElasticNet,3,0.625,8.339357898192116
GDPa1-207,AC_SINS,Embeddings,ElasticNet,3,9.0,9.899340657766695
GDPa1-212,AC_SINS,Embeddings,ElasticNet,3,1.125,14.593053273849911
GDPa1-213,AC_SINS,Embeddings,ElasticNet,3,24.625,9.873397227648683
GDPa1-217,AC_SINS,Embeddings,ElasticNet,3,1.625,2.6322584718844566
GDPa1-221,AC_SINS,Embeddings,ElasticNet,3,0.625,-0.61953430712102
GDPa1-226,AC_SINS,Embeddings,ElasticNet,3,1.0,20.889886419494168
GDPa1-235,AC_SINS,Embeddings,ElasticNet,3,0.0,18.035938303121544
GDPa1-236,AC_SINS,Embeddings,ElasticNet,3,28.125,10.64196308555237
GDPa1-239,AC_SINS,Embeddings,ElasticNet,3,-0.375,-3.8030135873437567
GDPa1-245,AC_SINS,Embeddings,ElasticNet,3,0.625,8.7524688371601
GDPa1-011,AC_SINS,Embeddings,ElasticNet,4,19.0,9.945031117819788
GDPa1-015,AC_SINS,Embeddings,ElasticNet,4,2.625,8.588940848430326
GDPa1-020,AC_SINS,Embeddings,ElasticNet,4,0.625,21.43834541180939
GDPa1-025,AC_SINS,Embeddings,ElasticNet,4,26.0,15.394105476943189
GDPa1-030,AC_SINS,Embeddings,ElasticNet,4,0.125,16.08556298270078
GDPa1-031,AC_SINS,Embeddings,ElasticNet,4,-1.375,-2.7850461787769882
GDPa1-032,AC_SINS,Embeddings,ElasticNet,4,25.5,21.9621694994167
GDPa1-034,AC_SINS,Embeddings,ElasticNet,4,14.0,0.2594189974927259
GDPa1-035,AC_SINS,Embeddings,ElasticNet,4,-1.375,-5.35045708324362
GDPa1-045,AC_SINS,Embeddings,ElasticNet,4,15.5,21.033136565033
GDPa1-047,AC_SINS,Embeddings,ElasticNet,4,1.625,6.49518281070765
GDPa1-049,AC_SINS,Embeddings,ElasticNet,4,0.125,-6.874380525087209
GDPa1-050,AC_SINS,Embeddings,ElasticNet,4,18.125,-0.2272327112768826
GDPa1-052,AC_SINS,Embeddings,ElasticNet,4,-0.875,-4.0461153112612065
GDPa1-057,AC_SINS,Embeddings,ElasticNet,4,11.0,-0.4965340763331483
GDPa1-059,AC_SINS,Embeddings,ElasticNet,4,15.625,3.4529427695083017
GDPa1-063,AC_SINS,Embeddings,ElasticNet,4,15.0,11.522924135061345
GDPa1-068,AC_SINS,Embeddings,ElasticNet,4,-0.875,8.513324600975565
GDPa1-071,AC_SINS,Embeddings,ElasticNet,4,0.625,18.001075851340488
GDPa1-084,AC_SINS,Embeddings,ElasticNet,4,5.625,10.806284723141413
GDPa1-085,AC_SINS,Embeddings,ElasticNet,4,-0.375,8.966030254831598
GDPa1-089,AC_SINS,Embeddings,ElasticNet,4,1.125,0.06699652085656904
GDPa1-093,AC_SINS,Embeddings,ElasticNet,4,-0.375,10.779212626183712
GDPa1-103,AC_SINS,Embeddings,ElasticNet,4,16.0,19.768830208367348
GDPa1-105,AC_SINS,Embeddings,ElasticNet,4,-0.5,6.369553454436818
GDPa1-117,AC_SINS,Embeddings,ElasticNet,4,27.0,5.332827082879515
GDPa1-118,AC_SINS,Embeddings,ElasticNet,4,-0.375,7.495660347518878
GDPa1-124,AC_SINS,Embeddings,ElasticNet,4,16.0,28.21814935809665
GDPa1-132,AC_SINS,Embeddings,ElasticNet,4,13.125,14.355084992395582
GDPa1-137,AC_SINS,Embeddings,ElasticNet,4,-0.875,-2.8852964312757257
GDPa1-139,AC_SINS,Embeddings,ElasticNet,4,0.5,7.496305272158885
GDPa1-140,AC_SINS,Embeddings,ElasticNet,4,21.625,14.5466319975142
GDPa1-143,AC_SINS,Embeddings,ElasticNet,4,20.125,10.010325347034291
GDPa1-145,AC_SINS,Embeddings,ElasticNet,4,15.0,24.009243271476528
GDPa1-151,AC_SINS,Embeddings,ElasticNet,4,2.5,4.500270400055936
GDPa1-153,AC_SINS,Embeddings,ElasticNet,4,1.625,2.304197746604327
GDPa1-157,AC_SINS,Embeddings,ElasticNet,4,22.125,39.159966187431436
GDPa1-167,AC_SINS,Embeddings,ElasticNet,4,16.0,0.649550888703617
GDPa1-178,AC_SINS,Embeddings,ElasticNet,4,-0.375,3.992864253630414
GDPa1-180,AC_SINS,Embeddings,ElasticNet,4,-1.0,12.154240507170936
GDPa1-183,AC_SINS,Embeddings,ElasticNet,4,2.5,14.266624728576662
GDPa1-205,AC_SINS,Embeddings,ElasticNet,4,2.625,8.040757572144258
GDPa1-208,AC_SINS,Embeddings,ElasticNet,4,3.625,-5.7050039986900805
GDPa1-216,AC_SINS,Embeddings,ElasticNet,4,23.0,4.6571919653567875
GDPa1-218,AC_SINS,Embeddings,ElasticNet,4,-0.375,7.521090309692258
GDPa1-227,AC_SINS,Embeddings,ElasticNet,4,0.125,5.590810530759836
GDPa1-240,AC_SINS,Embeddings,ElasticNet,4,0.0,-2.157506734405687
GDPa1-243,AC_SINS,Embeddings,ElasticNet,4,26.0,19.323908186133462
GDPa1-246,AC_SINS,Embeddings,ElasticNet,4,29.5,8.897467277638652
GDPa1-002,AC_SINS,Global,ElasticNet,0,1.5,4.387578637582151
GDPa1-004,AC_SINS,Global,ElasticNet,0,-0.375,-1.5389978640255286
GDPa1-005,AC_SINS,Global,ElasticNet,0,7.5,1.816545959175814
GDPa1-006,AC_SINS,Global,ElasticNet,0,27.0,12.305786651076037
GDPa1-013,AC_SINS,Global,ElasticNet,0,1.0,4.624919207621883
GDPa1-014,AC_SINS,Global,ElasticNet,0,8.5,5.026951947687891
GDPa1-023,AC_SINS,Global,ElasticNet,0,1.125,2.517629096552426
GDPa1-026,AC_SINS,Global,ElasticNet,0,2.625,1.5497562388176949
GDPa1-029,AC_SINS,Global,ElasticNet,0,20.125,10.032213632674157
GDPa1-042,AC_SINS,Global,ElasticNet,0,1.625,5.530454298442879
GDPa1-046,AC_SINS,Global,ElasticNet,0,0.125,1.8312986737106387
GDPa1-051,AC_SINS,Global,ElasticNet,0,-0.375,0.6721147659636761
GDPa1-053,AC_SINS,Global,ElasticNet,0,0.0,9.917201868601989
GDPa1-060,AC_SINS,Global,ElasticNet,0,1.625,8.33768471699918
GDPa1-062,AC_SINS,Global,ElasticNet,0,11.5,-4.741357893045855
GDPa1-065,AC_SINS,Global,ElasticNet,0,-0.375,4.092330800850363
GDPa1-066,AC_SINS,Global,ElasticNet,0,-0.375,6.656809420268493
GDPa1-069,AC_SINS,Global,ElasticNet,0,-0.5,-0.7617047612237231
GDPa1-072,AC_SINS,Global,ElasticNet,0,23.0,12.453224719889299
GDPa1-073,AC_SINS,Global,ElasticNet,0,-0.375,-0.3207420040402029
GDPa1-076,AC_SINS,Global,ElasticNet,0,3.0,9.30752272015647
GDPa1-079,AC_SINS,Global,ElasticNet,0,1.5,10.34746790613049
GDPa1-083,AC_SINS,Global,ElasticNet,0,0.125,-2.2595775035177823
GDPa1-087,AC_SINS,Global,ElasticNet,0,0.0,0.018079035298830703
GDPa1-092,AC_SINS,Global,ElasticNet,0,3.625,10.23256890642573
GDPa1-097,AC_SINS,Global,ElasticNet,0,1.0,3.5227675502436107
GDPa1-111,AC_SINS,Global,ElasticNet,0,19.625,10.857872834453108
GDPa1-120,AC_SINS,Global,ElasticNet,0,26.125,4.871798408036541
GDPa1-131,AC_SINS,Global,ElasticNet,0,1.0,4.631963554625877
GDPa1-138,AC_SINS,Global,ElasticNet,0,20.625,12.11240529726738
GDPa1-142,AC_SINS,Global,ElasticNet,0,1.125,2.896249410672318
GDPa1-146,AC_SINS,Global,ElasticNet,0,2.125,2.936402471886163
GDPa1-154,AC_SINS,Global,ElasticNet,0,12.625,7.6085347313338865
GDPa1-159,AC_SINS,Global,ElasticNet,0,0.0,1.4607564565949183
GDPa1-161,AC_SINS,Global,ElasticNet,0,-0.375,0.2248648382636036
GDPa1-172,AC_SINS,Global,ElasticNet,0,0.625,0.08636304229442437
GDPa1-175,AC_SINS,Global,ElasticNet,0,-0.375,5.542761420548565
GDPa1-177,AC_SINS,Global,ElasticNet,0,0.0,3.8157109517264827
GDPa1-179,AC_SINS,Global,ElasticNet,0,-1.875,-2.3685812046927524
GDPa1-181,AC_SINS,Global,ElasticNet,0,19.125,8.32775762090236
GDPa1-182,AC_SINS,Global,ElasticNet,0,0.625,2.2586158234968305
GDPa1-187,AC_SINS,Global,ElasticNet,0,0.125,11.625316380489242
GDPa1-188,AC_SINS,Global,ElasticNet,0,6.125,0.9392504394508538
GDPa1-196,AC_SINS,Global,ElasticNet,0,-0.375,-0.7272508486137808
GDPa1-197,AC_SINS,Global,ElasticNet,0,9.0,2.2394969665818474
GDPa1-200,AC_SINS,Global,ElasticNet,0,0.125,5.392066919111213
GDPa1-209,AC_SINS,Global,ElasticNet,0,2.0,4.378786926321082
GDPa1-222,AC_SINS,Global,ElasticNet,0,12.0,7.3031412302231935
GDPa1-225,AC_SINS,Global,ElasticNet,0,2.125,6.044618656365732
GDPa1-230,AC_SINS,Global,ElasticNet,0,1.0,4.411011518690026
GDPa1-238,AC_SINS,Global,ElasticNet,0,15.625,9.177875637483407
GDPa1-242,AC_SINS,Global,ElasticNet,0,18.0,7.096073875582057
GDPa1-244,AC_SINS,Global,ElasticNet,0,-1.375,4.049584411828505
GDPa1-016,AC_SINS,Global,ElasticNet,1,-0.875,10.451312214020762
GDPa1-019,AC_SINS,Global,ElasticNet,1,5.625,9.076557712549958
GDPa1-021,AC_SINS,Global,ElasticNet,1,-1.375,9.332774692749203
GDPa1-022,AC_SINS,Global,ElasticNet,1,14.625,10.459642933597895
GDPa1-036,AC_SINS,Global,ElasticNet,1,-0.875,6.51490432452446
GDPa1-039,AC_SINS,Global,ElasticNet,1,15.5,9.2901105860108
GDPa1-041,AC_SINS,Global,ElasticNet,1,1.125,10.696172331599351
GDPa1-044,AC_SINS,Global,ElasticNet,1,1.125,6.736350442471921
GDPa1-054,AC_SINS,Global,ElasticNet,1,-0.375,9.800050248608331
GDPa1-061,AC_SINS,Global,ElasticNet,1,8.0,6.153542930164814
GDPa1-070,AC_SINS,Global,ElasticNet,1,0.125,7.769434338503895
GDPa1-074,AC_SINS,Global,ElasticNet,1,2.0,1.2865016657090553
GDPa1-075,AC_SINS,Global,ElasticNet,1,11.0,7.129154958484165
GDPa1-080,AC_SINS,Global,ElasticNet,1,1.125,-0.28490973249490814
GDPa1-082,AC_SINS,Global,ElasticNet,1,-0.375,4.083872292231284
GDPa1-096,AC_SINS,Global,ElasticNet,1,-0.875,7.9255267628211135
GDPa1-098,AC_SINS,Global,ElasticNet,1,-0.375,5.97101932826215
GDPa1-101,AC_SINS,Global,ElasticNet,1,19.125,11.028408441971443
GDPa1-107,AC_SINS,Global,ElasticNet,1,0.125,11.19904125801269
GDPa1-115,AC_SINS,Global,ElasticNet,1,-0.375,5.830202638659667
GDPa1-119,AC_SINS,Global,ElasticNet,1,0.0,0.9337410572770422
GDPa1-126,AC_SINS,Global,ElasticNet,1,-0.375,7.908039745434556
GDPa1-129,AC_SINS,Global,ElasticNet,1,12.0,13.938932540303572
GDPa1-130,AC_SINS,Global,ElasticNet,1,-0.5,5.830202638659667
GDPa1-134,AC_SINS,Global,ElasticNet,1,-0.375,4.382391416992372
GDPa1-141,AC_SINS,Global,ElasticNet,1,-0.5,6.795525095286971
GDPa1-149,AC_SINS,Global,ElasticNet,1,0.0,7.634967717494714
GDPa1-152,AC_SINS,Global,ElasticNet,1,3.625,9.227587593966405
GDPa1-158,AC_SINS,Global,ElasticNet,1,0.625,4.7375505280558325
GDPa1-164,AC_SINS,Global,ElasticNet,1,3.125,3.0966813475338055
GDPa1-165,AC_SINS,Global,ElasticNet,1,7.5,5.568442987042457
GDPa1-169,AC_SINS,Global,ElasticNet,1,12.125,11.51451212496508
GDPa1-170,AC_SINS,Global,ElasticNet,1,-0.375,3.3162254467930503
GDPa1-171,AC_SINS,Global,ElasticNet,1,-0.875,8.391258847759032
GDPa1-176,AC_SINS,Global,ElasticNet,1,0.125,8.189695574097497
GDPa1-185,AC_SINS,Global,ElasticNet,1,-0.375,2.383637563961549
GDPa1-190,AC_SINS,Global,ElasticNet,1,7.5,6.7036998341032215
GDPa1-191,AC_SINS,Global,ElasticNet,1,1.125,9.514564734015895
GDPa1-193,AC_SINS,Global,ElasticNet,1,5.5,4.9259244686031725
GDPa1-199,AC_SINS,Global,ElasticNet,1,0.625,6.673274208221022
GDPa1-201,AC_SINS,Global,ElasticNet,1,10.625,-4.92638015558738
GDPa1-203,AC_SINS,Global,ElasticNet,1,-0.875,8.91901644208465
GDPa1-211,AC_SINS,Global,ElasticNet,1,-1.375,10.06925378301722
GDPa1-215,AC_SINS,Global,ElasticNet,1,3.5,4.096052765763483
GDPa1-219,AC_SINS,Global,ElasticNet,1,17.0,12.493601476178174
GDPa1-223,AC_SINS,Global,ElasticNet,1,0.625,7.460349327791662
GDPa1-237,AC_SINS,Global,ElasticNet,1,-0.875,2.6107275545084105
GDPa1-241,AC_SINS,Global,ElasticNet,1,-0.375,8.53238021924871
GDPa1-001,AC_SINS,Global,ElasticNet,2,2.125,11.866072169500065
GDPa1-003,AC_SINS,Global,ElasticNet,2,1.0,-3.4391192409876963
GDPa1-008,AC_SINS,Global,ElasticNet,2,3.125,8.377025759938395
GDPa1-009,AC_SINS,Global,ElasticNet,2,18.125,3.2985271511197776
GDPa1-017,AC_SINS,Global,ElasticNet,2,22.125,8.447308057034405
GDPa1-018,AC_SINS,Global,ElasticNet,2,27.0,1.3268191285964859
GDPa1-027,AC_SINS,Global,ElasticNet,2,20.125,7.537302334407272
GDPa1-033,AC_SINS,Global,ElasticNet,2,14.0,14.820937610558989
GDPa1-048,AC_SINS,Global,ElasticNet,2,1.625,-0.8119318393722983
GDPa1-056,AC_SINS,Global,ElasticNet,2,0.625,4.281459621665016
GDPa1-064,AC_SINS,Global,ElasticNet,2,4.5,4.693607375372229
GDPa1-067,AC_SINS,Global,ElasticNet,2,0.0,7.250121636972471
GDPa1-078,AC_SINS,Global,ElasticNet,2,19.125,12.56198606275884
GDPa1-086,AC_SINS,Global,ElasticNet,2,21.125,2.170121733275057
GDPa1-088,AC_SINS,Global,ElasticNet,2,20.625,15.629647205869485
GDPa1-091,AC_SINS,Global,ElasticNet,2,15.125,6.916197910410238
GDPa1-095,AC_SINS,Global,ElasticNet,2,1.0,15.390703082406041
GDPa1-099,AC_SINS,Global,ElasticNet,2,2.0,6.502160318174479
GDPa1-102,AC_SINS,Global,ElasticNet,2,8.0,10.841429752474248
GDPa1-106,AC_SINS,Global,ElasticNet,2,4.5,7.894234419231974
GDPa1-112,AC_SINS,Global,ElasticNet,2,3.125,10.231507494139294
GDPa1-113,AC_SINS,Global,ElasticNet,2,7.0,11.659144357400617
GDPa1-114,AC_SINS,Global,ElasticNet,2,-0.375,4.711244407767198
GDPa1-121,AC_SINS,Global,ElasticNet,2,27.5,6.805592594799651
GDPa1-122,AC_SINS,Global,ElasticNet,2,0.0,-3.2201768824052435
GDPa1-128,AC_SINS,Global,ElasticNet,2,2.0,0.6263165747554531
GDPa1-133,AC_SINS,Global,ElasticNet,2,0.0,0.12355743885874748
GDPa1-135,AC_SINS,Global,ElasticNet,2,1.25,0.5312227930674949
GDPa1-148,AC_SINS,Global,ElasticNet,2,-0.875,2.7928018830238077
GDPa1-155,AC_SINS,Global,ElasticNet,2,0.625,7.1175291478261276
GDPa1-160,AC_SINS,Global,ElasticNet,2,14.625,2.6756358724829523
GDPa1-162,AC_SINS,Global,ElasticNet,2,1.125,-0.24318178370499677
GDPa1-184,AC_SINS,Global,ElasticNet,2,-0.375,-0.7105426146456351
GDPa1-186,AC_SINS,Global,ElasticNet,2,12.625,6.3583166134634865
GDPa1-189,AC_SINS,Global,ElasticNet,2,3.5,2.66994577187086
GDPa1-194,AC_SINS,Global,ElasticNet,2,3.0,12.219636760630003
GDPa1-195,AC_SINS,Global,ElasticNet,2,28.625,7.573317228230927
GDPa1-202,AC_SINS,Global,ElasticNet,2,-0.875,0.9230078126954702
GDPa1-210,AC_SINS,Global,ElasticNet,2,28.0,7.176799882859864
GDPa1-214,AC_SINS,Global,ElasticNet,2,3.125,5.136038535712302
GDPa1-220,AC_SINS,Global,ElasticNet,2,27.125,10.241652307495869
GDPa1-224,AC_SINS,Global,ElasticNet,2,10.5,2.2191221844615954
GDPa1-228,AC_SINS,Global,ElasticNet,2,1.125,11.551392286643559
GDPa1-229,AC_SINS,Global,ElasticNet,2,9.0,7.582358244035409
GDPa1-231,AC_SINS,Global,ElasticNet,2,-0.375,3.100878276627369
GDPa1-232,AC_SINS,Global,ElasticNet,2,10.125,9.3735922117408
GDPa1-233,AC_SINS,Global,ElasticNet,2,7.0,14.087064707547185
GDPa1-234,AC_SINS,Global,ElasticNet,2,14.0,1.6715403292894715
GDPa1-007,AC_SINS,Global,ElasticNet,3,-1.375,7.129702163675064
GDPa1-010,AC_SINS,Global,ElasticNet,3,-0.5,8.836898117005855
GDPa1-012,AC_SINS,Global,ElasticNet,3,-0.875,4.784510835019398
GDPa1-024,AC_SINS,Global,ElasticNet,3,17.125,13.63349395487316
GDPa1-037,AC_SINS,Global,ElasticNet,3,-0.375,-0.05543963784250838
GDPa1-038,AC_SINS,Global,ElasticNet,3,15.0,14.761942303354099
GDPa1-040,AC_SINS,Global,ElasticNet,3,0.0,2.0655822724028887
GDPa1-043,AC_SINS,Global,ElasticNet,3,15.5,1.5806992628825354
GDPa1-055,AC_SINS,Global,ElasticNet,3,3.125,9.655733730698806
GDPa1-058,AC_SINS,Global,ElasticNet,3,1.0,12.924570341127314
GDPa1-077,AC_SINS,Global,ElasticNet,3,16.0,11.619626500069847
GDPa1-081,AC_SINS,Global,ElasticNet,3,2.5,12.049903470261581
GDPa1-090,AC_SINS,Global,ElasticNet,3,0.5,1.7082009803280602
GDPa1-094,AC_SINS,Global,ElasticNet,3,4.0,8.632442347534614
GDPa1-100,AC_SINS,Global,ElasticNet,3,-1.375,11.819002531513615
GDPa1-104,AC_SINS,Global,ElasticNet,3,27.0,8.73505019001123
GDPa1-108,AC_SINS,Global,ElasticNet,3,0.125,7.849279010428475
GDPa1-109,AC_SINS,Global,ElasticNet,3,-0.375,1.3705739367602572
GDPa1-116,AC_SINS,Global,ElasticNet,3,0.625,8.792705695433298
GDPa1-123,AC_SINS,Global,ElasticNet,3,24.5,18.332571009955757
GDPa1-125,AC_SINS,Global,ElasticNet,3,8.0,-0.15449044471319695
GDPa1-127,AC_SINS,Global,ElasticNet,3,11.625,1.462924828531782
GDPa1-136,AC_SINS,Global,ElasticNet,3,-0.875,3.7936087622792307
GDPa1-144,AC_SINS,Global,ElasticNet,3,0.625,6.310953833191639
GDPa1-147,AC_SINS,Global,ElasticNet,3,2.125,6.16339837292079
GDPa1-156,AC_SINS,Global,ElasticNet,3,-0.375,4.550031536488721
GDPa1-163,AC_SINS,Global,ElasticNet,3,21.625,13.053082614858079
GDPa1-166,AC_SINS,Global,ElasticNet,3,2.5,10.473499831297207
GDPa1-168,AC_SINS,Global,ElasticNet,3,-1.375,7.74353776351635
GDPa1-173,AC_SINS,Global,ElasticNet,3,10.0,6.3363081442180205
GDPa1-192,AC_SINS,Global,ElasticNet,3,22.125,8.013344241946019
GDPa1-198,AC_SINS,Global,ElasticNet,3,-0.375,3.037824653751767
GDPa1-204,AC_SINS,Global,ElasticNet,3,17.0,10.347576808438205
GDPa1-206,AC_SINS,Global,ElasticNet,3,0.625,12.499925867016032
GDPa1-207,AC_SINS,Global,ElasticNet,3,9.0,7.66191925301043
GDPa1-212,AC_SINS,Global,ElasticNet,3,1.125,6.501827596368758
GDPa1-213,AC_SINS,Global,ElasticNet,3,24.625,9.145183880119856
GDPa1-217,AC_SINS,Global,ElasticNet,3,1.625,8.436931793255393
GDPa1-221,AC_SINS,Global,ElasticNet,3,0.625,4.941127549506387
GDPa1-226,AC_SINS,Global,ElasticNet,3,1.0,10.553289737683322
GDPa1-235,AC_SINS,Global,ElasticNet,3,0.0,8.894619279006044
GDPa1-236,AC_SINS,Global,ElasticNet,3,28.125,8.948901865784448
GDPa1-239,AC_SINS,Global,ElasticNet,3,-0.375,3.9525321379785274
GDPa1-245,AC_SINS,Global,ElasticNet,3,0.625,8.381750429694735
GDPa1-011,AC_SINS,Global,ElasticNet,4,19.0,7.265441994839852
GDPa1-015,AC_SINS,Global,ElasticNet,4,2.625,7.691024440057673
GDPa1-020,AC_SINS,Global,ElasticNet,4,0.625,5.884885955770569
GDPa1-025,AC_SINS,Global,ElasticNet,4,26.0,14.203601359860066
GDPa1-030,AC_SINS,Global,ElasticNet,4,0.125,6.2706926675746555
GDPa1-031,AC_SINS,Global,ElasticNet,4,-1.375,3.7411067531774944
GDPa1-032,AC_SINS,Global,ElasticNet,4,25.5,11.4197813065804
GDPa1-034,AC_SINS,Global,ElasticNet,4,14.0,12.004460574078589
GDPa1-035,AC_SINS,Global,ElasticNet,4,-1.375,-4.199219226137939
GDPa1-045,AC_SINS,Global,ElasticNet,4,15.5,6.0600150488149795
GDPa1-047,AC_SINS,Global,ElasticNet,4,1.625,3.3033221823197767
GDPa1-049,AC_SINS,Global,ElasticNet,4,0.125,0.8462889063642312
GDPa1-050,AC_SINS,Global,ElasticNet,4,18.125,2.619006918062532
GDPa1-052,AC_SINS,Global,ElasticNet,4,-0.875,1.9567600448917442
GDPa1-057,AC_SINS,Global,ElasticNet,4,11.0,5.482315141005138
GDPa1-059,AC_SINS,Global,ElasticNet,4,15.625,1.7101744587826806
GDPa1-063,AC_SINS,Global,ElasticNet,4,15.0,6.539705450788112
GDPa1-068,AC_SINS,Global,ElasticNet,4,-0.875,5.615489667883482
GDPa1-071,AC_SINS,Global,ElasticNet,4,0.625,-0.09287462316186001
GDPa1-084,AC_SINS,Global,ElasticNet,4,5.625,8.733252848318633
GDPa1-085,AC_SINS,Global,ElasticNet,4,-0.375,4.947009315622819
GDPa1-089,AC_SINS,Global,ElasticNet,4,1.125,4.189090409043992
GDPa1-093,AC_SINS,Global,ElasticNet,4,-0.375,3.9993532370878278
GDPa1-103,AC_SINS,Global,ElasticNet,4,16.0,10.289927175300228
GDPa1-105,AC_SINS,Global,ElasticNet,4,-0.5,0.22836788501229321
GDPa1-117,AC_SINS,Global,ElasticNet,4,27.0,3.2458925068244096
GDPa1-118,AC_SINS,Global,ElasticNet,4,-0.375,-0.0709615566710946
GDPa1-124,AC_SINS,Global,ElasticNet,4,16.0,8.3691927609221
GDPa1-132,AC_SINS,Global,ElasticNet,4,13.125,8.092551559930339
GDPa1-137,AC_SINS,Global,ElasticNet,4,-0.875,5.303055805037896
GDPa1-139,AC_SINS,Global,ElasticNet,4,0.5,3.2314621245878956
GDPa1-140,AC_SINS,Global,ElasticNet,4,21.625,8.751967723877423
GDPa1-143,AC_SINS,Global,ElasticNet,4,20.125,2.5947304605546018
GDPa1-145,AC_SINS,Global,ElasticNet,4,15.0,8.648099693132242
GDPa1-151,AC_SINS,Global,ElasticNet,4,2.5,4.450991264565815
GDPa1-153,AC_SINS,Global,ElasticNet,4,1.625,7.540935301172168
GDPa1-157,AC_SINS,Global,ElasticNet,4,22.125,10.545005436801485
GDPa1-167,AC_SINS,Global,ElasticNet,4,16.0,7.143011272058342
GDPa1-178,AC_SINS,Global,ElasticNet,4,-0.375,7.621582306851771
GDPa1-180,AC_SINS,Global,ElasticNet,4,-1.0,4.890106880361183
GDPa1-183,AC_SINS,Global,ElasticNet,4,2.5,10.776166018355287
GDPa1-205,AC_SINS,Global,ElasticNet,4,2.625,5.078384487455233
GDPa1-208,AC_SINS,Global,ElasticNet,4,3.625,7.29678012176791
GDPa1-216,AC_SINS,Global,ElasticNet,4,23.0,9.806650511934816
GDPa1-218,AC_SINS,Global,ElasticNet,4,-0.375,3.679381897837607
GDPa1-227,AC_SINS,Global,ElasticNet,4,0.125,1.9089649597278622
GDPa1-240,AC_SINS,Global,ElasticNet,4,0.0,2.362933783293945
GDPa1-243,AC_SINS,Global,ElasticNet,4,26.0,7.337800806021237
GDPa1-246,AC_SINS,Global,ElasticNet,4,29.5,4.604213888988615
GDPa1-002,AC_SINS,Region,ElasticNet,0,1.5,8.804847129740711
GDPa1-004,AC_SINS,Region,ElasticNet,0,-0.375,-4.662270295240478
GDPa1-005,AC_SINS,Region,ElasticNet,0,7.5,9.148191785638101
GDPa1-006,AC_SINS,Region,ElasticNet,0,27.0,6.432643268747098
GDPa1-013,AC_SINS,Region,ElasticNet,0,1.0,0.169386967419352
GDPa1-014,AC_SINS,Region,ElasticNet,0,8.5,7.512613950613964
GDPa1-023,AC_SINS,Region,ElasticNet,0,1.125,6.098652816708334
GDPa1-026,AC_SINS,Region,ElasticNet,0,2.625,-1.9182540827869117
GDPa1-029,AC_SINS,Region,ElasticNet,0,20.125,19.25534731265501
GDPa1-042,AC_SINS,Region,ElasticNet,0,1.625,10.644067080731565
GDPa1-046,AC_SINS,Region,ElasticNet,0,0.125,9.265562689247359
GDPa1-051,AC_SINS,Region,ElasticNet,0,-0.375,-12.045058757055457
GDPa1-053,AC_SINS,Region,ElasticNet,0,0.0,10.969903411133597
GDPa1-060,AC_SINS,Region,ElasticNet,0,1.625,8.6285838589498
GDPa1-062,AC_SINS,Region,ElasticNet,0,11.5,-9.251370930936456
GDPa1-065,AC_SINS,Region,ElasticNet,0,-0.375,2.007057034292264
GDPa1-066,AC_SINS,Region,ElasticNet,0,-0.375,7.275111060563969
GDPa1-069,AC_SINS,Region,ElasticNet,0,-0.5,3.198018150729766
GDPa1-072,AC_SINS,Region,ElasticNet,0,23.0,15.557531448534835
GDPa1-073,AC_SINS,Region,ElasticNet,0,-0.375,-4.467347680889861
GDPa1-076,AC_SINS,Region,ElasticNet,0,3.0,23.509079466985117
GDPa1-079,AC_SINS,Region,ElasticNet,0,1.5,7.703887489381458
GDPa1-083,AC_SINS,Region,ElasticNet,0,0.125,0.7541910369075167
GDPa1-087,AC_SINS,Region,ElasticNet,0,0.0,2.0988248257100643
GDPa1-092,AC_SINS,Region,ElasticNet,0,3.625,9.906408979120442
GDPa1-097,AC_SINS,Region,ElasticNet,0,1.0,4.165279430856891
GDPa1-111,AC_SINS,Region,ElasticNet,0,19.625,8.151283758041107
GDPa1-120,AC_SINS,Region,ElasticNet,0,26.125,0.19770264929071413
GDPa1-131,AC_SINS,Region,ElasticNet,0,1.0,3.270187076398615
GDPa1-138,AC_SINS,Region,ElasticNet,0,20.625,7.566647164156581
GDPa1-142,AC_SINS,Region,ElasticNet,0,1.125,-2.5605026714591324
GDPa1-146,AC_SINS,Region,ElasticNet,0,2.125,7.8009451553355875
GDPa1-154,AC_SINS,Region,ElasticNet,0,12.625,6.993018922602273
GDPa1-159,AC_SINS,Region,ElasticNet,0,0.0,-5.695343308168851
GDPa1-161,AC_SINS,Region,ElasticNet,0,-0.375,4.16282439882359
GDPa1-172,AC_SINS,Region,ElasticNet,0,0.625,-8.394297296329373
GDPa1-175,AC_SINS,Region,ElasticNet,0,-0.375,6.1042638852531965
GDPa1-177,AC_SINS,Region,ElasticNet,0,0.0,3.0424215086453064
GDPa1-179,AC_SINS,Region,ElasticNet,0,-1.875,-8.573588367501344
GDPa1-181,AC_SINS,Region,ElasticNet,0,19.125,7.040852578981445
GDPa1-182,AC_SINS,Region,ElasticNet,0,0.625,2.9889762317311286
GDPa1-187,AC_SINS,Region,ElasticNet,0,0.125,7.777606575142225
GDPa1-188,AC_SINS,Region,ElasticNet,0,6.125,5.546674834725673
GDPa1-196,AC_SINS,Region,ElasticNet,0,-0.375,-2.645532627329728
GDPa1-197,AC_SINS,Region,ElasticNet,0,9.0,4.68287810265411
GDPa1-200,AC_SINS,Region,ElasticNet,0,0.125,1.6684862130495075
GDPa1-209,AC_SINS,Region,ElasticNet,0,2.0,0.22323612030638795
GDPa1-222,AC_SINS,Region,ElasticNet,0,12.0,8.841908799423946
GDPa1-225,AC_SINS,Region,ElasticNet,0,2.125,11.971786735889012
GDPa1-230,AC_SINS,Region,ElasticNet,0,1.0,5.7297070778410975
GDPa1-238,AC_SINS,Region,ElasticNet,0,15.625,12.432227846283997
GDPa1-242,AC_SINS,Region,ElasticNet,0,18.0,5.704354368301535
GDPa1-244,AC_SINS,Region,ElasticNet,0,-1.375,-3.752634688909965
GDPa1-016,AC_SINS,Region,ElasticNet,1,-0.875,16.017476611707693
GDPa1-019,AC_SINS,Region,ElasticNet,1,5.625,14.479574827256691
GDPa1-021,AC_SINS,Region,ElasticNet,1,-1.375,5.203482918059448
GDPa1-022,AC_SINS,Region,ElasticNet,1,14.625,0.48705218199944955
GDPa1-036,AC_SINS,Region,ElasticNet,1,-0.875,2.641912039696508
GDPa1-039,AC_SINS,Region,ElasticNet,1,15.5,12.666763390144586
GDPa1-041,AC_SINS,Region,ElasticNet,1,1.125,12.454835277920456
GDPa1-044,AC_SINS,Region,ElasticNet,1,1.125,15.423761557577507
GDPa1-054,AC_SINS,Region,ElasticNet,1,-0.375,17.891383744317384
GDPa1-061,AC_SINS,Region,ElasticNet,1,8.0,4.876298238554915
GDPa1-070,AC_SINS,Region,ElasticNet,1,0.125,3.674230315618316
GDPa1-074,AC_SINS,Region,ElasticNet,1,2.0,3.4340594488443728
GDPa1-075,AC_SINS,Region,ElasticNet,1,11.0,11.489540247794162
GDPa1-080,AC_SINS,Region,ElasticNet,1,1.125,1.1813625569718198
GDPa1-082,AC_SINS,Region,ElasticNet,1,-0.375,3.579373667664333
GDPa1-096,AC_SINS,Region,ElasticNet,1,-0.875,29.486109690424264
GDPa1-098,AC_SINS,Region,ElasticNet,1,-0.375,3.212394800355259
GDPa1-101,AC_SINS,Region,ElasticNet,1,19.125,13.777573880997483
GDPa1-107,AC_SINS,Region,ElasticNet,1,0.125,10.018913798378525
GDPa1-115,AC_SINS,Region,ElasticNet,1,-0.375,1.8419556575267553
GDPa1-119,AC_SINS,Region,ElasticNet,1,0.0,-7.0221602809537345
GDPa1-126,AC_SINS,Region,ElasticNet,1,-0.375,4.5813934057217605
GDPa1-129,AC_SINS,Region,ElasticNet,1,12.0,11.087003536636676
GDPa1-130,AC_SINS,Region,ElasticNet,1,-0.5,1.8419556575267553
GDPa1-134,AC_SINS,Region,ElasticNet,1,-0.375,13.456463823033392
GDPa1-141,AC_SINS,Region,ElasticNet,1,-0.5,9.687682457454873
GDPa1-149,AC_SINS,Region,ElasticNet,1,0.0,12.665502378996223
GDPa1-152,AC_SINS,Region,ElasticNet,1,3.625,2.1078786388970547
GDPa1-158,AC_SINS,Region,ElasticNet,1,0.625,9.869465294789034
GDPa1-164,AC_SINS,Region,ElasticNet,1,3.125,2.776295284060616
GDPa1-165,AC_SINS,Region,ElasticNet,1,7.5,26.867207473887042
GDPa1-169,AC_SINS,Region,ElasticNet,1,12.125,13.03853382724923
GDPa1-170,AC_SINS,Region,ElasticNet,1,-0.375,11.345647381005616
GDPa1-171,AC_SINS,Region,ElasticNet,1,-0.875,20.23435849724254
GDPa1-176,AC_SINS,Region,ElasticNet,1,0.125,24.03348552308408
GDPa1-185,AC_SINS,Region,ElasticNet,1,-0.375,0.33947014000277154
GDPa1-190,AC_SINS,Region,ElasticNet,1,7.5,13.718463913481449
GDPa1-191,AC_SINS,Region,ElasticNet,1,1.125,6.044708072198769
GDPa1-193,AC_SINS,Region,ElasticNet,1,5.5,3.6789367963482515
GDPa1-199,AC_SINS,Region,ElasticNet,1,0.625,-4.2206813275751305
GDPa1-201,AC_SINS,Region,ElasticNet,1,10.625,-5.01280092964574
GDPa1-203,AC_SINS,Region,ElasticNet,1,-0.875,6.681080722783576
GDPa1-211,AC_SINS,Region,ElasticNet,1,-1.375,7.320755620761865
GDPa1-215,AC_SINS,Region,ElasticNet,1,3.5,4.345762708038979
GDPa1-219,AC_SINS,Region,ElasticNet,1,17.0,11.06552555913831
GDPa1-223,AC_SINS,Region,ElasticNet,1,0.625,10.38806098988119
GDPa1-237,AC_SINS,Region,ElasticNet,1,-0.875,-0.5591156130998609
GDPa1-241,AC_SINS,Region,ElasticNet,1,-0.375,8.501659779813036
GDPa1-001,AC_SINS,Region,ElasticNet,2,2.125,14.442862632910817
GDPa1-003,AC_SINS,Region,ElasticNet,2,1.0,-7.015760040323992
GDPa1-008,AC_SINS,Region,ElasticNet,2,3.125,7.022374541194094
GDPa1-009,AC_SINS,Region,ElasticNet,2,18.125,-0.29226382011122887
GDPa1-017,AC_SINS,Region,ElasticNet,2,22.125,5.809768599218174
GDPa1-018,AC_SINS,Region,ElasticNet,2,27.0,0.18425653698723643
GDPa1-027,AC_SINS,Region,ElasticNet,2,20.125,0.2605695647756834
GDPa1-033,AC_SINS,Region,ElasticNet,2,14.0,15.181789119005991
GDPa1-048,AC_SINS,Region,ElasticNet,2,1.625,-2.2543496463825052
GDPa1-056,AC_SINS,Region,ElasticNet,2,0.625,6.8275203399201905
GDPa1-064,AC_SINS,Region,ElasticNet,2,4.5,4.453630506935701
GDPa1-067,AC_SINS,Region,ElasticNet,2,0.0,10.424863059480995
GDPa1-078,AC_SINS,Region,ElasticNet,2,19.125,18.11945326038613
GDPa1-086,AC_SINS,Region,ElasticNet,2,21.125,-0.6096568814933923
GDPa1-088,AC_SINS,Region,ElasticNet,2,20.625,13.807563198334242
GDPa1-091,AC_SINS,Region,ElasticNet,2,15.125,-0.2003327493744651
GDPa1-095,AC_SINS,Region,ElasticNet,2,1.0,14.689658685996935
GDPa1-099,AC_SINS,Region,ElasticNet,2,2.0,8.365691593491102
GDPa1-102,AC_SINS,Region,ElasticNet,2,8.0,8.643816789994716
GDPa1-106,AC_SINS,Region,ElasticNet,2,4.5,8.475950852708523
GDPa1-112,AC_SINS,Region,ElasticNet,2,3.125,11.825661679394337
GDPa1-113,AC_SINS,Region,ElasticNet,2,7.0,11.07929109154335
GDPa1-114,AC_SINS,Region,ElasticNet,2,-0.375,0.966660729560016
GDPa1-121,AC_SINS,Region,ElasticNet,2,27.5,3.158745369249931
GDPa1-122,AC_SINS,Region,ElasticNet,2,0.0,-9.065050811972633
GDPa1-128,AC_SINS,Region,ElasticNet,2,2.0,-0.9502540563157984
GDPa1-133,AC_SINS,Region,ElasticNet,2,0.0,2.274139226740662
GDPa1-135,AC_SINS,Region,ElasticNet,2,1.25,8.178068041284396
GDPa1-148,AC_SINS,Region,ElasticNet,2,-0.875,3.925933835279219
GDPa1-155,AC_SINS,Region,ElasticNet,2,0.625,8.604649663074053
GDPa1-160,AC_SINS,Region,ElasticNet,2,14.625,1.3266437900340406
GDPa1-162,AC_SINS,Region,ElasticNet,2,1.125,6.697326403352004
GDPa1-184,AC_SINS,Region,ElasticNet,2,-0.375,-1.6096605677084526
GDPa1-186,AC_SINS,Region,ElasticNet,2,12.625,8.806426139567314
GDPa1-189,AC_SINS,Region,ElasticNet,2,3.5,-1.2148932841146278
GDPa1-194,AC_SINS,Region,ElasticNet,2,3.0,7.7745206717920805
GDPa1-195,AC_SINS,Region,ElasticNet,2,28.625,11.880163920156509
GDPa1-202,AC_SINS,Region,ElasticNet,2,-0.875,-2.665752890257191
GDPa1-210,AC_SINS,Region,ElasticNet,2,28.0,7.565297136689934
GDPa1-214,AC_SINS,Region,ElasticNet,2,3.125,4.792291435683854
GDPa1-220,AC_SINS,Region,ElasticNet,2,27.125,13.630902701332449
GDPa1-224,AC_SINS,Region,ElasticNet,2,10.5,5.858480718025285
GDPa1-228,AC_SINS,Region,ElasticNet,2,1.125,13.174318721708854
GDPa1-229,AC_SINS,Region,ElasticNet,2,9.0,2.8185658006598673
GDPa1-231,AC_SINS,Region,ElasticNet,2,-0.375,4.702494876590514
GDPa1-232,AC_SINS,Region,ElasticNet,2,10.125,9.704275558206298
GDPa1-233,AC_SINS,Region,ElasticNet,2,7.0,11.088764367407228
GDPa1-234,AC_SINS,Region,ElasticNet,2,14.0,4.363824352395703
GDPa1-007,AC_SINS,Region,ElasticNet,3,-1.375,-5.251104144310253
GDPa1-010,AC_SINS,Region,ElasticNet,3,-0.5,9.997874260267638
GDPa1-012,AC_SINS,Region,ElasticNet,3,-0.875,5.678195038924856
GDPa1-024,AC_SINS,Region,ElasticNet,3,17.125,16.95111610944707
GDPa1-037,AC_SINS,Region,ElasticNet,3,-0.375,-7.560376804552598
GDPa1-038,AC_SINS,Region,ElasticNet,3,15.0,13.061213343340771
GDPa1-040,AC_SINS,Region,ElasticNet,3,0.0,-1.0471230402540055
GDPa1-043,AC_SINS,Region,ElasticNet,3,15.5,2.8196704440928335
GDPa1-055,AC_SINS,Region,ElasticNet,3,3.125,8.244877913484348
GDPa1-058,AC_SINS,Region,ElasticNet,3,1.0,9.539991069665318
GDPa1-077,AC_SINS,Region,ElasticNet,3,16.0,13.507995653134202
GDPa1-081,AC_SINS,Region,ElasticNet,3,2.5,17.468263053706917
GDPa1-090,AC_SINS,Region,ElasticNet,3,0.5,1.4263659064264935
GDPa1-094,AC_SINS,Region,ElasticNet,3,4.0,9.188847314959613
GDPa1-100,AC_SINS,Region,ElasticNet,3,-1.375,15.51575937436208
GDPa1-104,AC_SINS,Region,ElasticNet,3,27.0,7.491701115879071
GDPa1-108,AC_SINS,Region,ElasticNet,3,0.125,9.197827583301901
GDPa1-109,AC_SINS,Region,ElasticNet,3,-0.375,3.4852485947156615
GDPa1-116,AC_SINS,Region,ElasticNet,3,0.625,10.428823094659874
GDPa1-123,AC_SINS,Region,ElasticNet,3,24.5,14.091037641952163
GDPa1-125,AC_SINS,Region,ElasticNet,3,8.0,6.878736052909043
GDPa1-127,AC_SINS,Region,ElasticNet,3,11.625,5.509485896467477
GDPa1-136,AC_SINS,Region,ElasticNet,3,-0.875,11.354451190665973
GDPa1-144,AC_SINS,Region,ElasticNet,3,0.625,12.541475874876596
GDPa1-147,AC_SINS,Region,ElasticNet,3,2.125,6.173759761836262
GDPa1-156,AC_SINS,Region,ElasticNet,3,-0.375,11.493166179616008
GDPa1-163,AC_SINS,Region,ElasticNet,3,21.625,15.686917282993033
GDPa1-166,AC_SINS,Region,ElasticNet,3,2.5,3.9672998183886405
GDPa1-168,AC_SINS,Region,ElasticNet,3,-1.375,-21.939673207044763
GDPa1-173,AC_SINS,Region,ElasticNet,3,10.0,11.217201163367163
GDPa1-192,AC_SINS,Region,ElasticNet,3,22.125,6.232208211235726
GDPa1-198,AC_SINS,Region,ElasticNet,3,-0.375,-1.9176622542046937
GDPa1-204,AC_SINS,Region,ElasticNet,3,17.0,17.014866328928733
GDPa1-206,AC_SINS,Region,ElasticNet,3,0.625,11.833282571808432
GDPa1-207,AC_SINS,Region,ElasticNet,3,9.0,8.785733278072238
GDPa1-212,AC_SINS,Region,ElasticNet,3,1.125,19.954776923389034
GDPa1-213,AC_SINS,Region,ElasticNet,3,24.625,7.206749284551837
GDPa1-217,AC_SINS,Region,ElasticNet,3,1.625,5.859422774227401
GDPa1-221,AC_SINS,Region,ElasticNet,3,0.625,13.324246213301109
GDPa1-226,AC_SINS,Region,ElasticNet,3,1.0,6.177420415428424
GDPa1-235,AC_SINS,Region,ElasticNet,3,0.0,8.99705076507322
GDPa1-236,AC_SINS,Region,ElasticNet,3,28.125,13.557995454758597
GDPa1-239,AC_SINS,Region,ElasticNet,3,-0.375,11.48456354396146
GDPa1-245,AC_SINS,Region,ElasticNet,3,0.625,-0.1437896581172744
GDPa1-011,AC_SINS,Region,ElasticNet,4,19.0,2.5795236640787698
GDPa1-015,AC_SINS,Region,ElasticNet,4,2.625,10.42660022541409
GDPa1-020,AC_SINS,Region,ElasticNet,4,0.625,24.887434662936876
GDPa1-025,AC_SINS,Region,ElasticNet,4,26.0,12.899258282511884
GDPa1-030,AC_SINS,Region,ElasticNet,4,0.125,5.230399193536348
GDPa1-031,AC_SINS,Region,ElasticNet,4,-1.375,0.6523657460808039
GDPa1-032,AC_SINS,Region,ElasticNet,4,25.5,12.319376049683807
GDPa1-034,AC_SINS,Region,ElasticNet,4,14.0,24.266708776170773
GDPa1-035,AC_SINS,Region,ElasticNet,4,-1.375,-6.737426638945854
GDPa1-045,AC_SINS,Region,ElasticNet,4,15.5,20.076054790878086
GDPa1-047,AC_SINS,Region,ElasticNet,4,1.625,2.3975531516354023
GDPa1-049,AC_SINS,Region,ElasticNet,4,0.125,-3.326460408564131
GDPa1-050,AC_SINS,Region,ElasticNet,4,18.125,-5.075913247904717
GDPa1-052,AC_SINS,Region,ElasticNet,4,-0.875,5.33197774023311
GDPa1-057,AC_SINS,Region,ElasticNet,4,11.0,7.239414336176677
GDPa1-059,AC_SINS,Region,ElasticNet,4,15.625,8.560643448930387
GDPa1-063,AC_SINS,Region,ElasticNet,4,15.0,4.558450487274682
GDPa1-068,AC_SINS,Region,ElasticNet,4,-0.875,10.787641003609055
GDPa1-071,AC_SINS,Region,ElasticNet,4,0.625,-5.346486134978726
GDPa1-084,AC_SINS,Region,ElasticNet,4,5.625,12.07591555989548
GDPa1-085,AC_SINS,Region,ElasticNet,4,-0.375,5.91320216458568
GDPa1-089,AC_SINS,Region,ElasticNet,4,1.125,2.9794513728418783
GDPa1-093,AC_SINS,Region,ElasticNet,4,-0.375,4.75103176044909
GDPa1-103,AC_SINS,Region,ElasticNet,4,16.0,13.373948509395436
GDPa1-105,AC_SINS,Region,ElasticNet,4,-0.5,7.836159200585579
GDPa1-117,AC_SINS,Region,ElasticNet,4,27.0,-0.19983054149586188
GDPa1-118,AC_SINS,Region,ElasticNet,4,-0.375,-3.1329396937712044
GDPa1-124,AC_SINS,Region,ElasticNet,4,16.0,15.421227093943983
GDPa1-132,AC_SINS,Region,ElasticNet,4,13.125,9.515361960906368
GDPa1-137,AC_SINS,Region,ElasticNet,4,-0.875,1.434893330201847
GDPa1-139,AC_SINS,Region,ElasticNet,4,0.5,11.435446236830073
GDPa1-140,AC_SINS,Region,ElasticNet,4,21.625,11.583085299854623
GDPa1-143,AC_SINS,Region,ElasticNet,4,20.125,6.566014736525883
GDPa1-145,AC_SINS,Region,ElasticNet,4,15.0,9.543732959033314
GDPa1-151,AC_SINS,Region,ElasticNet,4,2.5,4.552656077688156
GDPa1-153,AC_SINS,Region,ElasticNet,4,1.625,-0.5281342775813611
GDPa1-157,AC_SINS,Region,ElasticNet,4,22.125,20.38088413503268
GDPa1-167,AC_SINS,Region,ElasticNet,4,16.0,-6.533683883240267
GDPa1-178,AC_SINS,Region,ElasticNet,4,-0.375,6.528799450732235
GDPa1-180,AC_SINS,Region,ElasticNet,4,-1.0,4.353575207802832
GDPa1-183,AC_SINS,Region,ElasticNet,4,2.5,7.691954240880321
GDPa1-205,AC_SINS,Region,ElasticNet,4,2.625,7.353699523389871
GDPa1-208,AC_SINS,Region,ElasticNet,4,3.625,4.763979771049004
GDPa1-216,AC_SINS,Region,ElasticNet,4,23.0,8.873714851092625
GDPa1-218,AC_SINS,Region,ElasticNet,4,-0.375,2.142189510426137
GDPa1-227,AC_SINS,Region,ElasticNet,4,0.125,-4.96336971676811
GDPa1-240,AC_SINS,Region,ElasticNet,4,0.0,-6.464310401369589
GDPa1-243,AC_SINS,Region,ElasticNet,4,26.0,16.06832058689179
GDPa1-246,AC_SINS,Region,ElasticNet,4,29.5,3.27874045883891
GDPa1-002,AC_SINS,Structure,ElasticNet,0,1.5,7.073209688519368
GDPa1-004,AC_SINS,Structure,ElasticNet,0,-0.375,2.1999115923108112
GDPa1-005,AC_SINS,Structure,ElasticNet,0,7.5,6.259605635411122
GDPa1-006,AC_SINS,Structure,ElasticNet,0,27.0,14.14394778640564
GDPa1-013,AC_SINS,Structure,ElasticNet,0,1.0,7.137468537084083
GDPa1-014,AC_SINS,Structure,ElasticNet,0,8.5,8.190297156241398
GDPa1-023,AC_SINS,Structure,ElasticNet,0,1.125,7.197771971619134
GDPa1-026,AC_SINS,Structure,ElasticNet,0,2.625,7.56889649162434
GDPa1-029,AC_SINS,Structure,ElasticNet,0,20.125,11.446864290477986
GDPa1-042,AC_SINS,Structure,ElasticNet,0,1.625,9.674240353300073
GDPa1-046,AC_SINS,Structure,ElasticNet,0,0.125,4.19176110914182
GDPa1-051,AC_SINS,Structure,ElasticNet,0,-0.375,4.739092059335032
GDPa1-053,AC_SINS,Structure,ElasticNet,0,0.0,9.276199855326478
GDPa1-060,AC_SINS,Structure,ElasticNet,0,1.625,6.839906448493542
GDPa1-062,AC_SINS,Structure,ElasticNet,0,11.5,5.155704607896362
GDPa1-065,AC_SINS,Structure,ElasticNet,0,-0.375,1.5065870059500943
GDPa1-066,AC_SINS,Structure,ElasticNet,0,-0.375,9.257415515235706
GDPa1-069,AC_SINS,Structure,ElasticNet,0,-0.5,4.967071629544476
GDPa1-072,AC_SINS,Structure,ElasticNet,0,23.0,8.340188410045892
GDPa1-073,AC_SINS,Structure,ElasticNet,0,-0.375,7.3329365621609215
GDPa1-076,AC_SINS,Structure,ElasticNet,0,3.0,6.500146568871625
GDPa1-079,AC_SINS,Structure,ElasticNet,0,1.5,5.973512323182903
GDPa1-083,AC_SINS,Structure,ElasticNet,0,0.125,3.77017639895569
GDPa1-087,AC_SINS,Structure,ElasticNet,0,0.0,4.3212019528813475
GDPa1-092,AC_SINS,Structure,ElasticNet,0,3.625,8.77490012395506
GDPa1-097,AC_SINS,Structure,ElasticNet,0,1.0,6.097597703029972
GDPa1-111,AC_SINS,Structure,ElasticNet,0,19.625,8.863673245157369
GDPa1-120,AC_SINS,Structure,ElasticNet,0,26.125,9.158486764997594
GDPa1-131,AC_SINS,Structure,ElasticNet,0,1.0,6.10652035419859
GDPa1-138,AC_SINS,Structure,ElasticNet,0,20.625,8.728204694728408
GDPa1-142,AC_SINS,Structure,ElasticNet,0,1.125,4.9937045143223875
GDPa1-146,AC_SINS,Structure,ElasticNet,0,2.125,9.802998485153777
GDPa1-154,AC_SINS,Structure,ElasticNet,0,12.625,9.946376025119417
GDPa1-159,AC_SINS,Structure,ElasticNet,0,0.0,4.580755648199097
GDPa1-161,AC_SINS,Structure,ElasticNet,0,-0.375,9.781171846619575
GDPa1-172,AC_SINS,Structure,ElasticNet,0,0.625,6.742137969466563
GDPa1-175,AC_SINS,Structure,ElasticNet,0,-0.375,9.735355746566144
GDPa1-177,AC_SINS,Structure,ElasticNet,0,0.0,8.19929096258296
GDPa1-179,AC_SINS,Structure,ElasticNet,0,-1.875,1.0023445249159408
GDPa1-181,AC_SINS,Structure,ElasticNet,0,19.125,8.560373730559734
GDPa1-182,AC_SINS,Structure,ElasticNet,0,0.625,6.678883489867417
GDPa1-187,AC_SINS,Structure,ElasticNet,0,0.125,8.885583796179949
GDPa1-188,AC_SINS,Structure,ElasticNet,0,6.125,7.250104785294302
GDPa1-196,AC_SINS,Structure,ElasticNet,0,-0.375,3.697439009337255
GDPa1-197,AC_SINS,Structure,ElasticNet,0,9.0,9.09002170644512
GDPa1-200,AC_SINS,Structure,ElasticNet,0,0.125,6.990495262692832
GDPa1-209,AC_SINS,Structure,ElasticNet,0,2.0,3.822172591231433
GDPa1-222,AC_SINS,Structure,ElasticNet,0,12.0,7.654598356164151
GDPa1-225,AC_SINS,Structure,ElasticNet,0,2.125,6.416929867475032
GDPa1-230,AC_SINS,Structure,ElasticNet,0,1.0,9.200651175318018
GDPa1-238,AC_SINS,Structure,ElasticNet,0,15.625,9.163700940132255
GDPa1-242,AC_SINS,Structure,ElasticNet,0,18.0,9.861101293976246
GDPa1-244,AC_SINS,Structure,ElasticNet,0,-1.375,7.7896960767981
GDPa1-016,AC_SINS,Structure,ElasticNet,1,-0.875,6.2693081840648315
GDPa1-019,AC_SINS,Structure,ElasticNet,1,5.625,6.343539773203869
GDPa1-021,AC_SINS,Structure,ElasticNet,1,-1.375,5.28053518874926
GDPa1-022,AC_SINS,Structure,ElasticNet,1,14.625,11.106316412939377
GDPa1-036,AC_SINS,Structure,ElasticNet,1,-0.875,5.174220031222082
GDPa1-039,AC_SINS,Structure,ElasticNet,1,15.5,6.208307372062398
GDPa1-041,AC_SINS,Structure,ElasticNet,1,1.125,6.835899074718572
GDPa1-044,AC_SINS,Structure,ElasticNet,1,1.125,6.007027311417843
GDPa1-054,AC_SINS,Structure,ElasticNet,1,-0.375,6.891426105668426
GDPa1-061,AC_SINS,Structure,ElasticNet,1,8.0,7.147586048635928
GDPa1-070,AC_SINS,Structure,ElasticNet,1,0.125,8.066638180964711
GDPa1-074,AC_SINS,Structure,ElasticNet,1,2.0,6.650281358711373
GDPa1-075,AC_SINS,Structure,ElasticNet,1,11.0,6.66875409170674
GDPa1-080,AC_SINS,Structure,ElasticNet,1,1.125,6.335320853722636
GDPa1-082,AC_SINS,Structure,ElasticNet,1,-0.375,6.611438377294142
GDPa1-096,AC_SINS,Structure,ElasticNet,1,-0.875,3.653517538080739
GDPa1-098,AC_SINS,Structure,ElasticNet,1,-0.375,7.371680127133321
GDPa1-101,AC_SINS,Structure,ElasticNet,1,19.125,8.446166387732436
GDPa1-107,AC_SINS,Structure,ElasticNet,1,0.125,7.3358854635071005
GDPa1-115,AC_SINS,Structure,ElasticNet,1,-0.375,7.567342587595215
GDPa1-119,AC_SINS,Structure,ElasticNet,1,0.0,-4.2313467680864765
GDPa1-126,AC_SINS,Structure,ElasticNet,1,-0.375,7.09964663621799
GDPa1-129,AC_SINS,Structure,ElasticNet,1,12.0,11.505750894798284
GDPa1-130,AC_SINS,Structure,ElasticNet,1,-0.5,5.95875395010249
GDPa1-134,AC_SINS,Structure,ElasticNet,1,-0.375,6.845829039559176
GDPa1-141,AC_SINS,Structure,ElasticNet,1,-0.5,6.480755060887638
GDPa1-149,AC_SINS,Structure,ElasticNet,1,0.0,5.29634350238603
GDPa1-152,AC_SINS,Structure,ElasticNet,1,3.625,7.430153004038914
GDPa1-158,AC_SINS,Structure,ElasticNet,1,0.625,4.028163659075734
GDPa1-164,AC_SINS,Structure,ElasticNet,1,3.125,2.161285273422309
GDPa1-165,AC_SINS,Structure,ElasticNet,1,7.5,4.664071178899251
GDPa1-169,AC_SINS,Structure,ElasticNet,1,12.125,5.584203288161408
GDPa1-170,AC_SINS,Structure,ElasticNet,1,-0.375,1.3870635342274884
GDPa1-171,AC_SINS,Structure,ElasticNet,1,-0.875,7.7294118009776644
GDPa1-176,AC_SINS,Structure,ElasticNet,1,0.125,6.996475062973121
GDPa1-185,AC_SINS,Structure,ElasticNet,1,-0.375,1.0507081523797108
GDPa1-190,AC_SINS,Structure,ElasticNet,1,7.5,7.3368182907346196
GDPa1-191,AC_SINS,Structure,ElasticNet,1,1.125,7.610540971431243
GDPa1-193,AC_SINS,Structure,ElasticNet,1,5.5,9.941883976720376
GDPa1-199,AC_SINS,Structure,ElasticNet,1,0.625,6.858331960841688
GDPa1-201,AC_SINS,Structure,ElasticNet,1,10.625,-6.060116191823321
GDPa1-203,AC_SINS,Structure,ElasticNet,1,-0.875,9.912677166838444
GDPa1-211,AC_SINS,Structure,ElasticNet,1,-1.375,8.712498634947341
GDPa1-215,AC_SINS,Structure,ElasticNet,1,3.5,8.680194186430857
GDPa1-219,AC_SINS,Structure,ElasticNet,1,17.0,10.747116983142943
GDPa1-223,AC_SINS,Structure,ElasticNet,1,0.625,6.201766306129022
GDPa1-237,AC_SINS,Structure,ElasticNet,1,-0.875,3.9210799398076217
GDPa1-241,AC_SINS,Structure,ElasticNet,1,-0.375,7.007123688145591
GDPa1-001,AC_SINS,Structure,ElasticNet,2,2.125,10.74540045406344
GDPa1-003,AC_SINS,Structure,ElasticNet,2,1.0,2.930611314343058
GDPa1-008,AC_SINS,Structure,ElasticNet,2,3.125,4.112650992965227
GDPa1-009,AC_SINS,Structure,ElasticNet,2,18.125,3.1437610768891306
GDPa1-017,AC_SINS,Structure,ElasticNet,2,22.125,11.939437189949338
GDPa1-018,AC_SINS,Structure,ElasticNet,2,27.0,3.425601204649509
GDPa1-027,AC_SINS,Structure,ElasticNet,2,20.125,10.224526881271506
GDPa1-033,AC_SINS,Structure,ElasticNet,2,14.0,9.995584237642124
GDPa1-048,AC_SINS,Structure,ElasticNet,2,1.625,6.167498851653829
GDPa1-056,AC_SINS,Structure,ElasticNet,2,0.625,6.467575172291311
GDPa1-064,AC_SINS,Structure,ElasticNet,2,4.5,6.486707264471832
GDPa1-067,AC_SINS,Structure,ElasticNet,2,0.0,10.00818546903789
GDPa1-078,AC_SINS,Structure,ElasticNet,2,19.125,2.3000306870489027
GDPa1-086,AC_SINS,Structure,ElasticNet,2,21.125,10.266077682973108
GDPa1-088,AC_SINS,Structure,ElasticNet,2,20.625,11.627089738680692
GDPa1-091,AC_SINS,Structure,ElasticNet,2,15.125,8.355041177199828
GDPa1-095,AC_SINS,Structure,ElasticNet,2,1.0,10.988183814321985
GDPa1-099,AC_SINS,Structure,ElasticNet,2,2.0,8.512447452775778
GDPa1-102,AC_SINS,Structure,ElasticNet,2,8.0,10.317512492143916
GDPa1-106,AC_SINS,Structure,ElasticNet,2,4.5,6.652262980646215
GDPa1-112,AC_SINS,Structure,ElasticNet,2,3.125,9.883267922798321
GDPa1-113,AC_SINS,Structure,ElasticNet,2,7.0,8.85733478671755
GDPa1-114,AC_SINS,Structure,ElasticNet,2,-0.375,4.590177809780742
GDPa1-121,AC_SINS,Structure,ElasticNet,2,27.5,7.858690660728785
GDPa1-122,AC_SINS,Structure,ElasticNet,2,0.0,3.8216659331216096
GDPa1-128,AC_SINS,Structure,ElasticNet,2,2.0,6.525507452173486
GDPa1-133,AC_SINS,Structure,ElasticNet,2,0.0,6.002582561822538
GDPa1-135,AC_SINS,Structure,ElasticNet,2,1.25,-0.7399414859646916
GDPa1-148,AC_SINS,Structure,ElasticNet,2,-0.875,6.100734124974199
GDPa1-155,AC_SINS,Structure,ElasticNet,2,0.625,7.413445675603502
GDPa1-160,AC_SINS,Structure,ElasticNet,2,14.625,0.6595615402287915
GDPa1-162,AC_SINS,Structure,ElasticNet,2,1.125,1.5484413825054988
GDPa1-184,AC_SINS,Structure,ElasticNet,2,-0.375,7.168542093809647
GDPa1-186,AC_SINS,Structure,ElasticNet,2,12.625,6.478702507160139
GDPa1-189,AC_SINS,Structure,ElasticNet,2,3.5,3.9561094095642217
GDPa1-194,AC_SINS,Structure,ElasticNet,2,3.0,11.124412240290662
GDPa1-195,AC_SINS,Structure,ElasticNet,2,28.625,6.792005787308078
GDPa1-202,AC_SINS,Structure,ElasticNet,2,-0.875,6.462750838035268
GDPa1-210,AC_SINS,Structure,ElasticNet,2,28.0,6.078902513294345
GDPa1-214,AC_SINS,Structure,ElasticNet,2,3.125,11.14420411775848
GDPa1-220,AC_SINS,Structure,ElasticNet,2,27.125,10.22844293018441
GDPa1-224,AC_SINS,Structure,ElasticNet,2,10.5,2.4575371634212297
GDPa1-228,AC_SINS,Structure,ElasticNet,2,1.125,10.155178754919941
GDPa1-229,AC_SINS,Structure,ElasticNet,2,9.0,3.148510621766483
GDPa1-231,AC_SINS,Structure,ElasticNet,2,-0.375,2.9263062991858844
GDPa1-232,AC_SINS,Structure,ElasticNet,2,10.125,12.543465109068363
GDPa1-233,AC_SINS,Structure,ElasticNet,2,7.0,13.368688550994165
GDPa1-234,AC_SINS,Structure,ElasticNet,2,14.0,8.325079309619632
GDPa1-007,AC_SINS,Structure,ElasticNet,3,-1.375,10.23040790944967
GDPa1-010,AC_SINS,Structure,ElasticNet,3,-0.5,9.52594151429965
GDPa1-012,AC_SINS,Structure,ElasticNet,3,-0.875,6.346139459020036
GDPa1-024,AC_SINS,Structure,ElasticNet,3,17.125,9.598996364284684
GDPa1-037,AC_SINS,Structure,ElasticNet,3,-0.375,0.4130951804661853
GDPa1-038,AC_SINS,Structure,ElasticNet,3,15.0,8.969749903617254
GDPa1-040,AC_SINS,Structure,ElasticNet,3,0.0,2.547671624339797
GDPa1-043,AC_SINS,Structure,ElasticNet,3,15.5,5.095636394791535
GDPa1-055,AC_SINS,Structure,ElasticNet,3,3.125,6.525566230233765
GDPa1-058,AC_SINS,Structure,ElasticNet,3,1.0,7.762428954294043
GDPa1-077,AC_SINS,Structure,ElasticNet,3,16.0,11.665024660169296
GDPa1-081,AC_SINS,Structure,ElasticNet,3,2.5,4.650758585302672
GDPa1-090,AC_SINS,Structure,ElasticNet,3,0.5,7.152798714302972
GDPa1-094,AC_SINS,Structure,ElasticNet,3,4.0,7.3175069211822485
GDPa1-100,AC_SINS,Structure,ElasticNet,3,-1.375,9.362245070099501
GDPa1-104,AC_SINS,Structure,ElasticNet,3,27.0,8.294248356051455
GDPa1-108,AC_SINS,Structure,ElasticNet,3,0.125,8.208485560991335
GDPa1-109,AC_SINS,Structure,ElasticNet,3,-0.375,0.3202370837276032
GDPa1-116,AC_SINS,Structure,ElasticNet,3,0.625,12.353173380972276
GDPa1-123,AC_SINS,Structure,ElasticNet,3,24.5,11.23536488222469
GDPa1-125,AC_SINS,Structure,ElasticNet,3,8.0,4.509666995271582
GDPa1-127,AC_SINS,Structure,ElasticNet,3,11.625,4.550441612385001
GDPa1-136,AC_SINS,Structure,ElasticNet,3,-0.875,7.507296444919683
GDPa1-144,AC_SINS,Structure,ElasticNet,3,0.625,10.887029404972719
GDPa1-147,AC_SINS,Structure,ElasticNet,3,2.125,6.218028113532344
GDPa1-156,AC_SINS,Structure,ElasticNet,3,-0.375,7.834930527961967
GDPa1-163,AC_SINS,Structure,ElasticNet,3,21.625,11.173797339899032
GDPa1-166,AC_SINS,Structure,ElasticNet,3,2.5,6.853917841494507
GDPa1-168,AC_SINS,Structure,ElasticNet,3,-1.375,10.927098965092878
GDPa1-173,AC_SINS,Structure,ElasticNet,3,10.0,6.578320062890001
GDPa1-192,AC_SINS,Structure,ElasticNet,3,22.125,9.436517352120326
GDPa1-198,AC_SINS,Structure,ElasticNet,3,-0.375,4.306755550685763
GDPa1-204,AC_SINS,Structure,ElasticNet,3,17.0,6.5497658850447795
GDPa1-206,AC_SINS,Structure,ElasticNet,3,0.625,9.198198986072978
GDPa1-207,AC_SINS,Structure,ElasticNet,3,9.0,7.854303182476279
GDPa1-212,AC_SINS,Structure,ElasticNet,3,1.125,3.4885958292540433
GDPa1-213,AC_SINS,Structure,ElasticNet,3,24.625,11.204973402249443
GDPa1-217,AC_SINS,Structure,ElasticNet,3,1.625,7.209625227880027
GDPa1-221,AC_SINS,Structure,ElasticNet,3,0.625,6.00263735782096
GDPa1-226,AC_SINS,Structure,ElasticNet,3,1.0,12.803535476795727
GDPa1-235,AC_SINS,Structure,ElasticNet,3,0.0,6.413685571330407
GDPa1-236,AC_SINS,Structure,ElasticNet,3,28.125,1.7471199452735204
GDPa1-239,AC_SINS,Structure,ElasticNet,3,-0.375,5.486911752414866
GDPa1-245,AC_SINS,Structure,ElasticNet,3,0.625,7.793177122025835
GDPa1-011,AC_SINS,Structure,ElasticNet,4,19.0,5.3908722947757735
GDPa1-015,AC_SINS,Structure,ElasticNet,4,2.625,5.931896116296279
GDPa1-020,AC_SINS,Structure,ElasticNet,4,0.625,0.5141756869994367
GDPa1-025,AC_SINS,Structure,ElasticNet,4,26.0,8.158836200149114
GDPa1-030,AC_SINS,Structure,ElasticNet,4,0.125,5.729533556747614
GDPa1-031,AC_SINS,Structure,ElasticNet,4,-1.375,1.007918926960616
GDPa1-032,AC_SINS,Structure,ElasticNet,4,25.5,8.977776899148635
GDPa1-034,AC_SINS,Structure,ElasticNet,4,14.0,8.116335633465264
GDPa1-035,AC_SINS,Structure,ElasticNet,4,-1.375,-3.4216568401905967
GDPa1-045,AC_SINS,Structure,ElasticNet,4,15.5,2.550006944885682
GDPa1-047,AC_SINS,Structure,ElasticNet,4,1.625,2.0027573530494913
GDPa1-049,AC_SINS,Structure,ElasticNet,4,0.125,-1.2061009864505206
GDPa1-050,AC_SINS,Structure,ElasticNet,4,18.125,2.81003684894661
GDPa1-052,AC_SINS,Structure,ElasticNet,4,-0.875,-0.4586385646943665
GDPa1-057,AC_SINS,Structure,ElasticNet,4,11.0,7.963071801708734
GDPa1-059,AC_SINS,Structure,ElasticNet,4,15.625,5.197171372320898
GDPa1-063,AC_SINS,Structure,ElasticNet,4,15.0,4.823002013206573
GDPa1-068,AC_SINS,Structure,ElasticNet,4,-0.875,3.4426044495867747
GDPa1-071,AC_SINS,Structure,ElasticNet,4,0.625,2.0154419609021295
GDPa1-084,AC_SINS,Structure,ElasticNet,4,5.625,6.458387859460236
GDPa1-085,AC_SINS,Structure,ElasticNet,4,-0.375,3.7689115851212467
GDPa1-089,AC_SINS,Structure,ElasticNet,4,1.125,7.751805462731204
GDPa1-093,AC_SINS,Structure,ElasticNet,4,-0.375,2.652534732896853
GDPa1-103,AC_SINS,Structure,ElasticNet,4,16.0,5.97141241093814
GDPa1-105,AC_SINS,Structure,ElasticNet,4,-0.5,2.5331297927769687
GDPa1-117,AC_SINS,Structure,ElasticNet,4,27.0,6.087720735396139
GDPa1-118,AC_SINS,Structure,ElasticNet,4,-0.375,4.325919520337872
GDPa1-124,AC_SINS,Structure,ElasticNet,4,16.0,4.5633525679096545
GDPa1-132,AC_SINS,Structure,ElasticNet,4,13.125,7.4252253306038725
GDPa1-137,AC_SINS,Structure,ElasticNet,4,-0.875,6.234392098053531
GDPa1-139,AC_SINS,Structure,ElasticNet,4,0.5,2.269323348962698
GDPa1-140,AC_SINS,Structure,ElasticNet,4,21.625,6.651092050940034
GDPa1-143,AC_SINS,Structure,ElasticNet,4,20.125,5.9224435396535124
GDPa1-145,AC_SINS,Structure,ElasticNet,4,15.0,7.974645850509559
GDPa1-151,AC_SINS,Structure,ElasticNet,4,2.5,3.7852134200314875
GDPa1-153,AC_SINS,Structure,ElasticNet,4,1.625,1.5664922761813154
GDPa1-157,AC_SINS,Structure,ElasticNet,4,22.125,5.889941776198203
GDPa1-167,AC_SINS,Structure,ElasticNet,4,16.0,6.536997664295578
GDPa1-178,AC_SINS,Structure,ElasticNet,4,-0.375,5.172901056213393
GDPa1-180,AC_SINS,Structure,ElasticNet,4,-1.0,7.92248519110929
GDPa1-183,AC_SINS,Structure,ElasticNet,4,2.5,7.70423322083602
GDPa1-205,AC_SINS,Structure,ElasticNet,4,2.625,2.7444204601730817
GDPa1-208,AC_SINS,Structure,ElasticNet,4,3.625,4.857210361148681
GDPa1-216,AC_SINS,Structure,ElasticNet,4,23.0,7.4737986312563915
GDPa1-218,AC_SINS,Structure,ElasticNet,4,-0.375,2.4354174536227524
GDPa1-227,AC_SINS,Structure,ElasticNet,4,0.125,3.8690348085440034
GDPa1-240,AC_SINS,Structure,ElasticNet,4,0.0,4.18772858416391
GDPa1-243,AC_SINS,Structure,ElasticNet,4,26.0,6.106479768794017
GDPa1-246,AC_SINS,Structure,ElasticNet,4,29.5,6.6597499934138575
GDPa1-002,AC_SINS,Embeddings,Ridge,0,1.5,3.2581147244735895
GDPa1-004,AC_SINS,Embeddings,Ridge,0,-0.375,-7.4168360456701565
GDPa1-005,AC_SINS,Embeddings,Ridge,0,7.5,-0.21221028151550314
GDPa1-006,AC_SINS,Embeddings,Ridge,0,27.0,-1.9823076775062214
GDPa1-013,AC_SINS,Embeddings,Ridge,0,1.0,10.015255383111029
GDPa1-014,AC_SINS,Embeddings,Ridge,0,8.5,12.967391737066414
GDPa1-023,AC_SINS,Embeddings,Ridge,0,1.125,10.00208687500065
GDPa1-026,AC_SINS,Embeddings,Ridge,0,2.625,6.292382619521852
GDPa1-029,AC_SINS,Embeddings,Ridge,0,20.125,16.821390450186446
GDPa1-042,AC_SINS,Embeddings,Ridge,0,1.625,10.25013524230784
GDPa1-046,AC_SINS,Embeddings,Ridge,0,0.125,-7.322584766128533
GDPa1-051,AC_SINS,Embeddings,Ridge,0,-0.375,-16.423592094434284
GDPa1-053,AC_SINS,Embeddings,Ridge,0,0.0,11.727358796060312
GDPa1-060,AC_SINS,Embeddings,Ridge,0,1.625,4.13172052638239
GDPa1-062,AC_SINS,Embeddings,Ridge,0,11.5,-14.488789556977451
GDPa1-065,AC_SINS,Embeddings,Ridge,0,-0.375,-6.434538453990764
GDPa1-066,AC_SINS,Embeddings,Ridge,0,-0.375,14.640020520660467
GDPa1-069,AC_SINS,Embeddings,Ridge,0,-0.5,-5.200468615358397
GDPa1-072,AC_SINS,Embeddings,Ridge,0,23.0,17.312723801958615
GDPa1-073,AC_SINS,Embeddings,Ridge,0,-0.375,-0.19654951015746658
GDPa1-076,AC_SINS,Embeddings,Ridge,0,3.0,13.681221526880517
GDPa1-079,AC_SINS,Embeddings,Ridge,0,1.5,5.617574943247976
GDPa1-083,AC_SINS,Embeddings,Ridge,0,0.125,-2.467393117841641
GDPa1-087,AC_SINS,Embeddings,Ridge,0,0.0,9.33549813029746
GDPa1-092,AC_SINS,Embeddings,Ridge,0,3.625,4.869283575072094
GDPa1-097,AC_SINS,Embeddings,Ridge,0,1.0,5.250343690359305
GDPa1-111,AC_SINS,Embeddings,Ridge,0,19.625,-0.9862191761479
GDPa1-120,AC_SINS,Embeddings,Ridge,0,26.125,2.7124405146320845
GDPa1-131,AC_SINS,Embeddings,Ridge,0,1.0,2.3689303596248443
GDPa1-138,AC_SINS,Embeddings,Ridge,0,20.625,21.085375564316315
GDPa1-142,AC_SINS,Embeddings,Ridge,0,1.125,-7.279680158297787
GDPa1-146,AC_SINS,Embeddings,Ridge,0,2.125,-11.09674593654444
GDPa1-154,AC_SINS,Embeddings,Ridge,0,12.625,3.70190308517473
GDPa1-159,AC_SINS,Embeddings,Ridge,0,0.0,6.207051968130578
GDPa1-161,AC_SINS,Embeddings,Ridge,0,-0.375,4.833992970433869
GDPa1-172,AC_SINS,Embeddings,Ridge,0,0.625,-7.783566387647176
GDPa1-175,AC_SINS,Embeddings,Ridge,0,-0.375,5.305682510399761
GDPa1-177,AC_SINS,Embeddings,Ridge,0,0.0,12.749263642688511
GDPa1-179,AC_SINS,Embeddings,Ridge,0,-1.875,-5.14217753169602
GDPa1-181,AC_SINS,Embeddings,Ridge,0,19.125,22.00880272254371
GDPa1-182,AC_SINS,Embeddings,Ridge,0,0.625,-4.996922189439851
GDPa1-187,AC_SINS,Embeddings,Ridge,0,0.125,14.035239685328104
GDPa1-188,AC_SINS,Embeddings,Ridge,0,6.125,10.180318817431669
GDPa1-196,AC_SINS,Embeddings,Ridge,0,-0.375,-18.336848710388942
GDPa1-197,AC_SINS,Embeddings,Ridge,0,9.0,2.6088068253406966
GDPa1-200,AC_SINS,Embeddings,Ridge,0,0.125,2.7466639317298247
GDPa1-209,AC_SINS,Embeddings,Ridge,0,2.0,7.3708045342412465
GDPa1-222,AC_SINS,Embeddings,Ridge,0,12.0,15.63945948041303
GDPa1-225,AC_SINS,Embeddings,Ridge,0,2.125,5.06896486916071
GDPa1-230,AC_SINS,Embeddings,Ridge,0,1.0,1.8905028349762487
GDPa1-238,AC_SINS,Embeddings,Ridge,0,15.625,7.871424629164322
GDPa1-242,AC_SINS,Embeddings,Ridge,0,18.0,3.5877401835419276
GDPa1-244,AC_SINS,Embeddings,Ridge,0,-1.375,3.008880109533915
GDPa1-016,AC_SINS,Embeddings,Ridge,1,-0.875,14.440095187186056
GDPa1-019,AC_SINS,Embeddings,Ridge,1,5.625,10.598782430440707
GDPa1-021,AC_SINS,Embeddings,Ridge,1,-1.375,1.7748027744873944
GDPa1-022,AC_SINS,Embeddings,Ridge,1,14.625,7.924495607455128
GDPa1-036,AC_SINS,Embeddings,Ridge,1,-0.875,1.9496996382645726
GDPa1-039,AC_SINS,Embeddings,Ridge,1,15.5,23.086324384425104
GDPa1-041,AC_SINS,Embeddings,Ridge,1,1.125,15.340098708216662
GDPa1-044,AC_SINS,Embeddings,Ridge,1,1.125,-3.613442350004263
GDPa1-054,AC_SINS,Embeddings,Ridge,1,-0.375,19.402633534893734
GDPa1-061,AC_SINS,Embeddings,Ridge,1,8.0,11.670576229078753
GDPa1-070,AC_SINS,Embeddings,Ridge,1,0.125,4.3292477641966
GDPa1-074,AC_SINS,Embeddings,Ridge,1,2.0,28.821155264032953
GDPa1-075,AC_SINS,Embeddings,Ridge,1,11.0,5.890425364563306
GDPa1-080,AC_SINS,Embeddings,Ridge,1,1.125,3.6652257859531936
GDPa1-082,AC_SINS,Embeddings,Ridge,1,-0.375,18.924727306139133
GDPa1-096,AC_SINS,Embeddings,Ridge,1,-0.875,4.589513992827942
GDPa1-098,AC_SINS,Embeddings,Ridge,1,-0.375,12.33877435164581
GDPa1-101,AC_SINS,Embeddings,Ridge,1,19.125,-0.27685316549170746
GDPa1-107,AC_SINS,Embeddings,Ridge,1,0.125,11.368617153575979
GDPa1-115,AC_SINS,Embeddings,Ridge,1,-0.375,14.098522936951476
GDPa1-119,AC_SINS,Embeddings,Ridge,1,0.0,19.0352660133969
GDPa1-126,AC_SINS,Embeddings,Ridge,1,-0.375,-5.50369097054306
GDPa1-129,AC_SINS,Embeddings,Ridge,1,12.0,15.078724023813848
GDPa1-130,AC_SINS,Embeddings,Ridge,1,-0.5,14.098522936951476
GDPa1-134,AC_SINS,Embeddings,Ridge,1,-0.375,14.45402875067347
GDPa1-141,AC_SINS,Embeddings,Ridge,1,-0.5,17.18034548476757
GDPa1-149,AC_SINS,Embeddings,Ridge,1,0.0,21.730363211699792
GDPa1-152,AC_SINS,Embeddings,Ridge,1,3.625,7.049085971281633
GDPa1-158,AC_SINS,Embeddings,Ridge,1,0.625,-9.701968008893266
GDPa1-164,AC_SINS,Embeddings,Ridge,1,3.125,-6.147605083447369
GDPa1-165,AC_SINS,Embeddings,Ridge,1,7.5,23.465806749403455
GDPa1-169,AC_SINS,Embeddings,Ridge,1,12.125,-2.9294592601148697
GDPa1-170,AC_SINS,Embeddings,Ridge,1,-0.375,-0.8929273160914555
GDPa1-171,AC_SINS,Embeddings,Ridge,1,-0.875,6.960460031182104
GDPa1-176,AC_SINS,Embeddings,Ridge,1,0.125,8.662595529497024
GDPa1-185,AC_SINS,Embeddings,Ridge,1,-0.375,12.26320517172173
GDPa1-190,AC_SINS,Embeddings,Ridge,1,7.5,13.478260487870632
GDPa1-191,AC_SINS,Embeddings,Ridge,1,1.125,5.852349495988912
GDPa1-193,AC_SINS,Embeddings,Ridge,1,5.5,9.414329693339077
GDPa1-199,AC_SINS,Embeddings,Ridge,1,0.625,14.00440363641089
GDPa1-201,AC_SINS,Embeddings,Ridge,1,10.625,-10.791349528922892
GDPa1-203,AC_SINS,Embeddings,Ridge,1,-0.875,-1.3591232499753634
GDPa1-211,AC_SINS,Embeddings,Ridge,1,-1.375,5.56407554414864
GDPa1-215,AC_SINS,Embeddings,Ridge,1,3.5,23.1691271755492
GDPa1-219,AC_SINS,Embeddings,Ridge,1,17.0,15.499248504078398
GDPa1-223,AC_SINS,Embeddings,Ridge,1,0.625,4.796293425835751
GDPa1-237,AC_SINS,Embeddings,Ridge,1,-0.875,-2.667268025061846
GDPa1-241,AC_SINS,Embeddings,Ridge,1,-0.375,10.654497827879318
GDPa1-001,AC_SINS,Embeddings,Ridge,2,2.125,16.967479577689335
GDPa1-003,AC_SINS,Embeddings,Ridge,2,1.0,-15.664211186906929
GDPa1-008,AC_SINS,Embeddings,Ridge,2,3.125,8.036381699069379
GDPa1-009,AC_SINS,Embeddings,Ridge,2,18.125,6.619239707831983
GDPa1-017,AC_SINS,Embeddings,Ridge,2,22.125,9.365428140461644
GDPa1-018,AC_SINS,Embeddings,Ridge,2,27.0,-0.5866828802023303
GDPa1-027,AC_SINS,Embeddings,Ridge,2,20.125,15.070496536081857
GDPa1-033,AC_SINS,Embeddings,Ridge,2,14.0,4.114809102520587
GDPa1-048,AC_SINS,Embeddings,Ridge,2,1.625,15.87206633076484
GDPa1-056,AC_SINS,Embeddings,Ridge,2,0.625,9.381342160950577
GDPa1-064,AC_SINS,Embeddings,Ridge,2,4.5,3.5418607233549952
GDPa1-067,AC_SINS,Embeddings,Ridge,2,0.0,21.066344019005754
GDPa1-078,AC_SINS,Embeddings,Ridge,2,19.125,23.24097956980097
GDPa1-086,AC_SINS,Embeddings,Ridge,2,21.125,-4.0531690365799715
GDPa1-088,AC_SINS,Embeddings,Ridge,2,20.625,19.591346632842978
GDPa1-091,AC_SINS,Embeddings,Ridge,2,15.125,2.410944215970364
GDPa1-095,AC_SINS,Embeddings,Ridge,2,1.0,20.642898910437474
GDPa1-099,AC_SINS,Embeddings,Ridge,2,2.0,1.9126843162469878
GDPa1-102,AC_SINS,Embeddings,Ridge,2,8.0,10.272861210974842
GDPa1-106,AC_SINS,Embeddings,Ridge,2,4.5,14.275082223148608
GDPa1-112,AC_SINS,Embeddings,Ridge,2,3.125,20.88353698650523
GDPa1-113,AC_SINS,Embeddings,Ridge,2,7.0,9.952478803874076
GDPa1-114,AC_SINS,Embeddings,Ridge,2,-0.375,0.32427093820381003
GDPa1-121,AC_SINS,Embeddings,Ridge,2,27.5,18.464521315350396
GDPa1-122,AC_SINS,Embeddings,Ridge,2,0.0,-10.699175492298597
GDPa1-128,AC_SINS,Embeddings,Ridge,2,2.0,16.461755962822593
GDPa1-133,AC_SINS,Embeddings,Ridge,2,0.0,-16.019519740612363
GDPa1-135,AC_SINS,Embeddings,Ridge,2,1.25,12.00996189684132
GDPa1-148,AC_SINS,Embeddings,Ridge,2,-0.875,5.719640279752404
GDPa1-155,AC_SINS,Embeddings,Ridge,2,0.625,8.991497745516224
GDPa1-160,AC_SINS,Embeddings,Ridge,2,14.625,-6.419826654893136
GDPa1-162,AC_SINS,Embeddings,Ridge,2,1.125,9.707949286488349
GDPa1-184,AC_SINS,Embeddings,Ridge,2,-0.375,2.042404335177163
GDPa1-186,AC_SINS,Embeddings,Ridge,2,12.625,13.271055967832636
GDPa1-189,AC_SINS,Embeddings,Ridge,2,3.5,6.727326623816399
GDPa1-194,AC_SINS,Embeddings,Ridge,2,3.0,14.213953784504906
GDPa1-195,AC_SINS,Embeddings,Ridge,2,28.625,11.170383965250803
GDPa1-202,AC_SINS,Embeddings,Ridge,2,-0.875,-19.689310416709027
GDPa1-210,AC_SINS,Embeddings,Ridge,2,28.0,14.528406161216468
GDPa1-214,AC_SINS,Embeddings,Ridge,2,3.125,11.479647821281144
GDPa1-220,AC_SINS,Embeddings,Ridge,2,27.125,5.4261464336305805
GDPa1-224,AC_SINS,Embeddings,Ridge,2,10.5,1.327714685564838
GDPa1-228,AC_SINS,Embeddings,Ridge,2,1.125,23.43794067082017
GDPa1-229,AC_SINS,Embeddings,Ridge,2,9.0,-2.7771925679628637
GDPa1-231,AC_SINS,Embeddings,Ridge,2,-0.375,5.878519061189557
GDPa1-232,AC_SINS,Embeddings,Ridge,2,10.125,19.871400952361594
GDPa1-233,AC_SINS,Embeddings,Ridge,2,7.0,9.43843504797836
GDPa1-234,AC_SINS,Embeddings,Ridge,2,14.0,1.1473317728433639
GDPa1-007,AC_SINS,Embeddings,Ridge,3,-1.375,1.2106945476183881
GDPa1-010,AC_SINS,Embeddings,Ridge,3,-0.5,0.43180265801670803
GDPa1-012,AC_SINS,Embeddings,Ridge,3,-0.875,-3.388107473393344
GDPa1-024,AC_SINS,Embeddings,Ridge,3,17.125,19.224191765327575
GDPa1-037,AC_SINS,Embeddings,Ridge,3,-0.375,8.259376667079362
GDPa1-038,AC_SINS,Embeddings,Ridge,3,15.0,21.955813937636243
GDPa1-040,AC_SINS,Embeddings,Ridge,3,0.0,-2.7834306732505443
GDPa1-043,AC_SINS,Embeddings,Ridge,3,15.5,4.177714652909742
GDPa1-055,AC_SINS,Embeddings,Ridge,3,3.125,0.21743348007413132
GDPa1-058,AC_SINS,Embeddings,Ridge,3,1.0,-4.043112314807621
GDPa1-077,AC_SINS,Embeddings,Ridge,3,16.0,16.9705895954608
GDPa1-081,AC_SINS,Embeddings,Ridge,3,2.5,12.877654879241293
GDPa1-090,AC_SINS,Embeddings,Ridge,3,0.5,3.5460452615748648
GDPa1-094,AC_SINS,Embeddings,Ridge,3,4.0,7.841135132195866
GDPa1-100,AC_SINS,Embeddings,Ridge,3,-1.375,-11.49750269462311
GDPa1-104,AC_SINS,Embeddings,Ridge,3,27.0,25.43907094627967
GDPa1-108,AC_SINS,Embeddings,Ridge,3,0.125,4.072957990849612
GDPa1-109,AC_SINS,Embeddings,Ridge,3,-0.375,-0.41920748203146285
GDPa1-116,AC_SINS,Embeddings,Ridge,3,0.625,-1.2507539560189764
GDPa1-123,AC_SINS,Embeddings,Ridge,3,24.5,10.589523040176196
GDPa1-125,AC_SINS,Embeddings,Ridge,3,8.0,9.251392753379264
GDPa1-127,AC_SINS,Embeddings,Ridge,3,11.625,1.4641424064185475
GDPa1-136,AC_SINS,Embeddings,Ridge,3,-0.875,17.333181728306748
GDPa1-144,AC_SINS,Embeddings,Ridge,3,0.625,0.2343997783814986
GDPa1-147,AC_SINS,Embeddings,Ridge,3,2.125,14.662614210939584
GDPa1-156,AC_SINS,Embeddings,Ridge,3,-0.375,12.789309481496854
GDPa1-163,AC_SINS,Embeddings,Ridge,3,21.625,25.269884746367957
GDPa1-166,AC_SINS,Embeddings,Ridge,3,2.5,22.009961287610203
GDPa1-168,AC_SINS,Embeddings,Ridge,3,-1.375,2.1923943713233687
GDPa1-173,AC_SINS,Embeddings,Ridge,3,10.0,6.735615504640075
GDPa1-192,AC_SINS,Embeddings,Ridge,3,22.125,12.085212739454825
GDPa1-198,AC_SINS,Embeddings,Ridge,3,-0.375,3.8681909705603825
GDPa1-204,AC_SINS,Embeddings,Ridge,3,17.0,-23.02141952712453
GDPa1-206,AC_SINS,Embeddings,Ridge,3,0.625,10.636225820201638
GDPa1-207,AC_SINS,Embeddings,Ridge,3,9.0,6.836398277270404
GDPa1-212,AC_SINS,Embeddings,Ridge,3,1.125,32.98658510590402
GDPa1-213,AC_SINS,Embeddings,Ridge,3,24.625,1.0699982316521188
GDPa1-217,AC_SINS,Embeddings,Ridge,3,1.625,-1.0663129778822205
GDPa1-221,AC_SINS,Embeddings,Ridge,3,0.625,-2.840840544922269
GDPa1-226,AC_SINS,Embeddings,Ridge,3,1.0,19.253540389125682
GDPa1-235,AC_SINS,Embeddings,Ridge,3,0.0,24.956029851560594
GDPa1-236,AC_SINS,Embeddings,Ridge,3,28.125,19.048823294115536
GDPa1-239,AC_SINS,Embeddings,Ridge,3,-0.375,-12.089127752562367
GDPa1-245,AC_SINS,Embeddings,Ridge,3,0.625,2.181515671712342
GDPa1-011,AC_SINS,Embeddings,Ridge,4,19.0,11.888336141603403
GDPa1-015,AC_SINS,Embeddings,Ridge,4,2.625,9.26809977325292
GDPa1-020,AC_SINS,Embeddings,Ridge,4,0.625,15.996688673432121
GDPa1-025,AC_SINS,Embeddings,Ridge,4,26.0,14.69426459840199
GDPa1-030,AC_SINS,Embeddings,Ridge,4,0.125,17.383748023732885
GDPa1-031,AC_SINS,Embeddings,Ridge,4,-1.375,3.8128294504474174
GDPa1-032,AC_SINS,Embeddings,Ridge,4,25.5,26.502194548940388
GDPa1-034,AC_SINS,Embeddings,Ridge,4,14.0,-1.8117025988527216
GDPa1-035,AC_SINS,Embeddings,Ridge,4,-1.375,-6.154050102603977
GDPa1-045,AC_SINS,Embeddings,Ridge,4,15.5,21.28511050178921
GDPa1-047,AC_SINS,Embeddings,Ridge,4,1.625,14.791469498724863
GDPa1-049,AC_SINS,Embeddings,Ridge,4,0.125,-6.403322151126817
GDPa1-050,AC_SINS,Embeddings,Ridge,4,18.125,0.6680797245576517
GDPa1-052,AC_SINS,Embeddings,Ridge,4,-0.875,2.0800327084138877
GDPa1-057,AC_SINS,Embeddings,Ridge,4,11.0,-5.446783169823165
GDPa1-059,AC_SINS,Embeddings,Ridge,4,15.625,6.100856921630206
GDPa1-063,AC_SINS,Embeddings,Ridge,4,15.0,8.546120537092445
GDPa1-068,AC_SINS,Embeddings,Ridge,4,-0.875,7.477363285527305
GDPa1-071,AC_SINS,Embeddings,Ridge,4,0.625,18.661584004654863
GDPa1-084,AC_SINS,Embeddings,Ridge,4,5.625,9.922686182525947
GDPa1-085,AC_SINS,Embeddings,Ridge,4,-0.375,8.827888330669282
GDPa1-089,AC_SINS,Embeddings,Ridge,4,1.125,-0.044814588692974944
GDPa1-093,AC_SINS,Embeddings,Ridge,4,-0.375,13.51994320564902
GDPa1-103,AC_SINS,Embeddings,Ridge,4,16.0,19.196409204807274
GDPa1-105,AC_SINS,Embeddings,Ridge,4,-0.5,5.759588692498445
GDPa1-117,AC_SINS,Embeddings,Ridge,4,27.0,6.608946169841355
GDPa1-118,AC_SINS,Embeddings,Ridge,4,-0.375,7.992418841528041
GDPa1-124,AC_SINS,Embeddings,Ridge,4,16.0,34.452297466921614
GDPa1-132,AC_SINS,Embeddings,Ridge,4,13.125,12.593152112480922
GDPa1-137,AC_SINS,Embeddings,Ridge,4,-0.875,-6.130738529042773
GDPa1-139,AC_SINS,Embeddings,Ridge,4,0.5,12.687794059108883
GDPa1-140,AC_SINS,Embeddings,Ridge,4,21.625,16.99786493324948
GDPa1-143,AC_SINS,Embeddings,Ridge,4,20.125,14.856300540706266
GDPa1-145,AC_SINS,Embeddings,Ridge,4,15.0,33.85668515011154
GDPa1-151,AC_SINS,Embeddings,Ridge,4,2.5,2.701590133648268
GDPa1-153,AC_SINS,Embeddings,Ridge,4,1.625,0.19475194162136855
GDPa1-157,AC_SINS,Embeddings,Ridge,4,22.125,52.54577277789331
GDPa1-167,AC_SINS,Embeddings,Ridge,4,16.0,-7.46588824586509
GDPa1-178,AC_SINS,Embeddings,Ridge,4,-0.375,-4.708076256486368
GDPa1-180,AC_SINS,Embeddings,Ridge,4,-1.0,14.806592313880392
GDPa1-183,AC_SINS,Embeddings,Ridge,4,2.5,21.180330866001306
GDPa1-205,AC_SINS,Embeddings,Ridge,4,2.625,7.701232971987021
GDPa1-208,AC_SINS,Embeddings,Ridge,4,3.625,-19.079973282685195
GDPa1-216,AC_SINS,Embeddings,Ridge,4,23.0,0.997930271936462
GDPa1-218,AC_SINS,Embeddings,Ridge,4,-0.375,4.3579027563081905
GDPa1-227,AC_SINS,Embeddings,Ridge,4,0.125,7.156452569469115
GDPa1-240,AC_SINS,Embeddings,Ridge,4,0.0,-3.0040083478073356
GDPa1-243,AC_SINS,Embeddings,Ridge,4,26.0,20.705962440448147
GDPa1-246,AC_SINS,Embeddings,Ridge,4,29.5,3.6594061879092483
GDPa1-002,AC_SINS,Global,Ridge,0,1.5,4.234196889772987
GDPa1-004,AC_SINS,Global,Ridge,0,-0.375,-1.9205424681400336
GDPa1-005,AC_SINS,Global,Ridge,0,7.5,1.748495430734467
GDPa1-006,AC_SINS,Global,Ridge,0,27.0,12.603446085210654
GDPa1-013,AC_SINS,Global,Ridge,0,1.0,4.093173175200693
GDPa1-014,AC_SINS,Global,Ridge,0,8.5,5.196237980555816
GDPa1-023,AC_SINS,Global,Ridge,0,1.125,2.2996953787341825
GDPa1-026,AC_SINS,Global,Ridge,0,2.625,0.7255913271368195
GDPa1-029,AC_SINS,Global,Ridge,0,20.125,10.175835793129254
GDPa1-042,AC_SINS,Global,Ridge,0,1.625,5.9424641110871725
GDPa1-046,AC_SINS,Global,Ridge,0,0.125,2.0759256123115204
GDPa1-051,AC_SINS,Global,Ridge,0,-0.375,-0.46992998299557076
GDPa1-053,AC_SINS,Global,Ridge,0,0.0,10.108623270041857
GDPa1-060,AC_SINS,Global,Ridge,0,1.625,8.643043880354293
GDPa1-062,AC_SINS,Global,Ridge,0,11.5,-5.638496453164483
GDPa1-065,AC_SINS,Global,Ridge,0,-0.375,4.367895872729436
GDPa1-066,AC_SINS,Global,Ridge,0,-0.375,6.4573364658079955
GDPa1-069,AC_SINS,Global,Ridge,0,-0.5,-1.3872157753709784
GDPa1-072,AC_SINS,Global,Ridge,0,23.0,13.130945248752507
GDPa1-073,AC_SINS,Global,Ridge,0,-0.375,-1.1057285302772337
GDPa1-076,AC_SINS,Global,Ridge,0,3.0,10.338812816007692
GDPa1-079,AC_SINS,Global,Ridge,0,1.5,10.81539950626408
GDPa1-083,AC_SINS,Global,Ridge,0,0.125,-2.935632857455457
GDPa1-087,AC_SINS,Global,Ridge,0,0.0,-0.24583155036508852
GDPa1-092,AC_SINS,Global,Ridge,0,3.625,10.130234713851122
GDPa1-097,AC_SINS,Global,Ridge,0,1.0,3.216418932539291
GDPa1-111,AC_SINS,Global,Ridge,0,19.625,10.956259788503175
GDPa1-120,AC_SINS,Global,Ridge,0,26.125,4.6432320506768185
GDPa1-131,AC_SINS,Global,Ridge,0,1.0,4.8155634875852185
GDPa1-138,AC_SINS,Global,Ridge,0,20.625,12.212320426461982
GDPa1-142,AC_SINS,Global,Ridge,0,1.125,2.1799875953210535
GDPa1-146,AC_SINS,Global,Ridge,0,2.125,2.2640274157206077
GDPa1-154,AC_SINS,Global,Ridge,0,12.625,7.684418325041296
GDPa1-159,AC_SINS,Global,Ridge,0,0.0,0.5268499527947403
GDPa1-161,AC_SINS,Global,Ridge,0,-0.375,-0.30543119465798174
GDPa1-172,AC_SINS,Global,Ridge,0,0.625,-0.5436881385788714
GDPa1-175,AC_SINS,Global,Ridge,0,-0.375,5.526863545126327
GDPa1-177,AC_SINS,Global,Ridge,0,0.0,3.279197540719994
GDPa1-179,AC_SINS,Global,Ridge,0,-1.875,-3.3697699953382534
GDPa1-181,AC_SINS,Global,Ridge,0,19.125,8.794860802755277
GDPa1-182,AC_SINS,Global,Ridge,0,0.625,1.8410110841999359
GDPa1-187,AC_SINS,Global,Ridge,0,0.125,12.29939123429821
GDPa1-188,AC_SINS,Global,Ridge,0,6.125,0.5790110716406289
GDPa1-196,AC_SINS,Global,Ridge,0,-0.375,-1.5225461041073194
GDPa1-197,AC_SINS,Global,Ridge,0,9.0,1.8337401691595288
GDPa1-200,AC_SINS,Global,Ridge,0,0.125,5.3321330147765575
GDPa1-209,AC_SINS,Global,Ridge,0,2.0,4.747666318537899
GDPa1-222,AC_SINS,Global,Ridge,0,12.0,7.378032054972394
GDPa1-225,AC_SINS,Global,Ridge,0,2.125,6.254358838662414
GDPa1-230,AC_SINS,Global,Ridge,0,1.0,4.181629981647651
GDPa1-238,AC_SINS,Global,Ridge,0,15.625,9.389464699798445
GDPa1-242,AC_SINS,Global,Ridge,0,18.0,6.871655744240577
GDPa1-244,AC_SINS,Global,Ridge,0,-1.375,3.7551147888602325
GDPa1-016,AC_SINS,Global,Ridge,1,-0.875,10.267722704048541
GDPa1-019,AC_SINS,Global,Ridge,1,5.625,9.100141363612
GDPa1-021,AC_SINS,Global,Ridge,1,-1.375,9.531748843032911
GDPa1-022,AC_SINS,Global,Ridge,1,14.625,10.43448386053159
GDPa1-036,AC_SINS,Global,Ridge,1,-0.875,6.627026426936809
GDPa1-039,AC_SINS,Global,Ridge,1,15.5,9.909106716600373
GDPa1-041,AC_SINS,Global,Ridge,1,1.125,11.511728703426058
GDPa1-044,AC_SINS,Global,Ridge,1,1.125,6.8431448290079295
GDPa1-054,AC_SINS,Global,Ridge,1,-0.375,10.436002607903571
GDPa1-061,AC_SINS,Global,Ridge,1,8.0,6.1551308721817515
GDPa1-070,AC_SINS,Global,Ridge,1,0.125,7.752068944549021
GDPa1-074,AC_SINS,Global,Ridge,1,2.0,0.7328725080917788
GDPa1-075,AC_SINS,Global,Ridge,1,11.0,7.20221796356401
GDPa1-080,AC_SINS,Global,Ridge,1,1.125,-0.9182696108042929
GDPa1-082,AC_SINS,Global,Ridge,1,-0.375,3.878832776139267
GDPa1-096,AC_SINS,Global,Ridge,1,-0.875,8.25442404444339
GDPa1-098,AC_SINS,Global,Ridge,1,-0.375,6.007223284174274
GDPa1-101,AC_SINS,Global,Ridge,1,19.125,11.853506951761304
GDPa1-107,AC_SINS,Global,Ridge,1,0.125,11.471283692951868
GDPa1-115,AC_SINS,Global,Ridge,1,-0.375,5.616551794717533
GDPa1-119,AC_SINS,Global,Ridge,1,0.0,0.6742569526470712
GDPa1-126,AC_SINS,Global,Ridge,1,-0.375,7.907795067387692
GDPa1-129,AC_SINS,Global,Ridge,1,12.0,13.57202495827385
GDPa1-130,AC_SINS,Global,Ridge,1,-0.5,5.616551794717533
GDPa1-134,AC_SINS,Global,Ridge,1,-0.375,4.630541927938555
GDPa1-141,AC_SINS,Global,Ridge,1,-0.5,6.391336452143561
GDPa1-149,AC_SINS,Global,Ridge,1,0.0,7.951266828236871
GDPa1-152,AC_SINS,Global,Ridge,1,3.625,9.296491445636107
GDPa1-158,AC_SINS,Global,Ridge,1,0.625,5.181099759063588
GDPa1-164,AC_SINS,Global,Ridge,1,3.125,2.953007766933328
GDPa1-165,AC_SINS,Global,Ridge,1,7.5,5.1474207153126645
GDPa1-169,AC_SINS,Global,Ridge,1,12.125,11.537571483643516
GDPa1-170,AC_SINS,Global,Ridge,1,-0.375,3.009173342974184
GDPa1-171,AC_SINS,Global,Ridge,1,-0.875,8.100140925251813
GDPa1-176,AC_SINS,Global,Ridge,1,0.125,8.493866526980602
GDPa1-185,AC_SINS,Global,Ridge,1,-0.375,2.3729572684105333
GDPa1-190,AC_SINS,Global,Ridge,1,7.5,7.106659342592462
GDPa1-191,AC_SINS,Global,Ridge,1,1.125,10.278606094416848
GDPa1-193,AC_SINS,Global,Ridge,1,5.5,4.596765183294359
GDPa1-199,AC_SINS,Global,Ridge,1,0.625,6.400068786643598
GDPa1-201,AC_SINS,Global,Ridge,1,10.625,-5.794425145230495
GDPa1-203,AC_SINS,Global,Ridge,1,-0.875,8.279168952443246
GDPa1-211,AC_SINS,Global,Ridge,1,-1.375,10.122079938651932
GDPa1-215,AC_SINS,Global,Ridge,1,3.5,3.665245430748801
GDPa1-219,AC_SINS,Global,Ridge,1,17.0,12.482603084250648
GDPa1-223,AC_SINS,Global,Ridge,1,0.625,7.210301920509956
GDPa1-237,AC_SINS,Global,Ridge,1,-0.875,2.1190553673012342
GDPa1-241,AC_SINS,Global,Ridge,1,-0.375,8.93408521770853
GDPa1-001,AC_SINS,Global,Ridge,2,2.125,11.861593443324752
GDPa1-003,AC_SINS,Global,Ridge,2,1.0,-4.685391277859692
GDPa1-008,AC_SINS,Global,Ridge,2,3.125,8.959006486049546
GDPa1-009,AC_SINS,Global,Ridge,2,18.125,2.5620921534501804
GDPa1-017,AC_SINS,Global,Ridge,2,22.125,8.349798001339627
GDPa1-018,AC_SINS,Global,Ridge,2,27.0,0.7601758505287322
GDPa1-027,AC_SINS,Global,Ridge,2,20.125,8.140417457173111
GDPa1-033,AC_SINS,Global,Ridge,2,14.0,15.89695652268609
GDPa1-048,AC_SINS,Global,Ridge,2,1.625,-2.0977363194701057
GDPa1-056,AC_SINS,Global,Ridge,2,0.625,4.26580137906752
GDPa1-064,AC_SINS,Global,Ridge,2,4.5,4.165225060774027
GDPa1-067,AC_SINS,Global,Ridge,2,0.0,7.3248840176700245
GDPa1-078,AC_SINS,Global,Ridge,2,19.125,13.366878841266889
GDPa1-086,AC_SINS,Global,Ridge,2,21.125,0.6571106462232601
GDPa1-088,AC_SINS,Global,Ridge,2,20.625,16.433145263378364
GDPa1-091,AC_SINS,Global,Ridge,2,15.125,7.32948876521139
GDPa1-095,AC_SINS,Global,Ridge,2,1.0,16.797676775547806
GDPa1-099,AC_SINS,Global,Ridge,2,2.0,6.245365504991591
GDPa1-102,AC_SINS,Global,Ridge,2,8.0,11.252650992219769
GDPa1-106,AC_SINS,Global,Ridge,2,4.5,7.803383641385072
GDPa1-112,AC_SINS,Global,Ridge,2,3.125,10.714485469556605
GDPa1-113,AC_SINS,Global,Ridge,2,7.0,11.838548290714723
GDPa1-114,AC_SINS,Global,Ridge,2,-0.375,4.671776243518284
GDPa1-121,AC_SINS,Global,Ridge,2,27.5,6.090832998212625
GDPa1-122,AC_SINS,Global,Ridge,2,0.0,-4.715158212659562
GDPa1-128,AC_SINS,Global,Ridge,2,2.0,-0.35105418136355215
GDPa1-133,AC_SINS,Global,Ridge,2,0.0,-0.8748858059149622
GDPa1-135,AC_SINS,Global,Ridge,2,1.25,0.6399631620667074
GDPa1-148,AC_SINS,Global,Ridge,2,-0.875,1.8503824191794074
GDPa1-155,AC_SINS,Global,Ridge,2,0.625,7.421660091914583
GDPa1-160,AC_SINS,Global,Ridge,2,14.625,2.0931675053559333
GDPa1-162,AC_SINS,Global,Ridge,2,1.125,-0.36765391682477677
GDPa1-184,AC_SINS,Global,Ridge,2,-0.375,-1.1395008821140893
GDPa1-186,AC_SINS,Global,Ridge,2,12.625,6.3077104010291825
GDPa1-189,AC_SINS,Global,Ridge,2,3.5,2.9779669551418495
GDPa1-194,AC_SINS,Global,Ridge,2,3.0,13.273933095615796
GDPa1-195,AC_SINS,Global,Ridge,2,28.625,6.711924532143778
GDPa1-202,AC_SINS,Global,Ridge,2,-0.875,-0.204012657361341
GDPa1-210,AC_SINS,Global,Ridge,2,28.0,7.6645725094619355
GDPa1-214,AC_SINS,Global,Ridge,2,3.125,4.85009699039373
GDPa1-220,AC_SINS,Global,Ridge,2,27.125,10.342354356789832
GDPa1-224,AC_SINS,Global,Ridge,2,10.5,1.5493581684508095
GDPa1-228,AC_SINS,Global,Ridge,2,1.125,12.017665643427135
GDPa1-229,AC_SINS,Global,Ridge,2,9.0,7.4188793582715995
GDPa1-231,AC_SINS,Global,Ridge,2,-0.375,1.8195028601114842
GDPa1-232,AC_SINS,Global,Ridge,2,10.125,9.770789371536974
GDPa1-233,AC_SINS,Global,Ridge,2,7.0,15.274142749984094
GDPa1-234,AC_SINS,Global,Ridge,2,14.0,1.7410734501450342
GDPa1-007,AC_SINS,Global,Ridge,3,-1.375,6.96838527217988
GDPa1-010,AC_SINS,Global,Ridge,3,-0.5,9.274302187029495
GDPa1-012,AC_SINS,Global,Ridge,3,-0.875,4.82571135782978
GDPa1-024,AC_SINS,Global,Ridge,3,17.125,14.240741165526105
GDPa1-037,AC_SINS,Global,Ridge,3,-0.375,-0.8411837640598305
GDPa1-038,AC_SINS,Global,Ridge,3,15.0,15.15812309596134
GDPa1-040,AC_SINS,Global,Ridge,3,0.0,2.033235044309426
GDPa1-043,AC_SINS,Global,Ridge,3,15.5,0.9946926043000346
GDPa1-055,AC_SINS,Global,Ridge,3,3.125,9.605073015621166
GDPa1-058,AC_SINS,Global,Ridge,3,1.0,12.95653548484826
GDPa1-077,AC_SINS,Global,Ridge,3,16.0,12.107731284776456
GDPa1-081,AC_SINS,Global,Ridge,3,2.5,12.989764522273582
GDPa1-090,AC_SINS,Global,Ridge,3,0.5,0.5937890250031996
GDPa1-094,AC_SINS,Global,Ridge,3,4.0,8.286044113366705
GDPa1-100,AC_SINS,Global,Ridge,3,-1.375,12.456183094295868
GDPa1-104,AC_SINS,Global,Ridge,3,27.0,8.24515269983035
GDPa1-108,AC_SINS,Global,Ridge,3,0.125,8.213209485360036
GDPa1-109,AC_SINS,Global,Ridge,3,-0.375,0.5244524656793956
GDPa1-116,AC_SINS,Global,Ridge,3,0.625,8.88017662261012
GDPa1-123,AC_SINS,Global,Ridge,3,24.5,19.27052414512036
GDPa1-125,AC_SINS,Global,Ridge,3,8.0,-0.11801112516008594
GDPa1-127,AC_SINS,Global,Ridge,3,11.625,1.3172405076750815
GDPa1-136,AC_SINS,Global,Ridge,3,-0.875,3.0217075408261085
GDPa1-144,AC_SINS,Global,Ridge,3,0.625,5.70845293827211
GDPa1-147,AC_SINS,Global,Ridge,3,2.125,6.2180313823188875
GDPa1-156,AC_SINS,Global,Ridge,3,-0.375,4.5320290205663065
GDPa1-163,AC_SINS,Global,Ridge,3,21.625,13.781593555388348
GDPa1-166,AC_SINS,Global,Ridge,3,2.5,10.630679099680972
GDPa1-168,AC_SINS,Global,Ridge,3,-1.375,6.643986629880002
GDPa1-173,AC_SINS,Global,Ridge,3,10.0,6.099450652505918
GDPa1-192,AC_SINS,Global,Ridge,3,22.125,7.616665883363197
GDPa1-198,AC_SINS,Global,Ridge,3,-0.375,2.9975017339599574
GDPa1-204,AC_SINS,Global,Ridge,3,17.0,10.685347962812195
GDPa1-206,AC_SINS,Global,Ridge,3,0.625,12.612795608925182
GDPa1-207,AC_SINS,Global,Ridge,3,9.0,8.514574360077294
GDPa1-212,AC_SINS,Global,Ridge,3,1.125,6.470821327385967
GDPa1-213,AC_SINS,Global,Ridge,3,24.625,9.182034657043197
GDPa1-217,AC_SINS,Global,Ridge,3,1.625,8.685437392342553
GDPa1-221,AC_SINS,Global,Ridge,3,0.625,4.281178926144686
GDPa1-226,AC_SINS,Global,Ridge,3,1.0,10.187314797509353
GDPa1-235,AC_SINS,Global,Ridge,3,0.0,9.201212647442397
GDPa1-236,AC_SINS,Global,Ridge,3,28.125,9.335189830109872
GDPa1-239,AC_SINS,Global,Ridge,3,-0.375,3.0723617040939577
GDPa1-245,AC_SINS,Global,Ridge,3,0.625,8.614945683431797
GDPa1-011,AC_SINS,Global,Ridge,4,19.0,8.054859117783469
GDPa1-015,AC_SINS,Global,Ridge,4,2.625,8.403397367547672
GDPa1-020,AC_SINS,Global,Ridge,4,0.625,5.776622438059613
GDPa1-025,AC_SINS,Global,Ridge,4,26.0,15.55964605801677
GDPa1-030,AC_SINS,Global,Ridge,4,0.125,6.822100867223278
GDPa1-031,AC_SINS,Global,Ridge,4,-1.375,3.4337338397502712
GDPa1-032,AC_SINS,Global,Ridge,4,25.5,12.105367926437284
GDPa1-034,AC_SINS,Global,Ridge,4,14.0,13.406333555416696
GDPa1-035,AC_SINS,Global,Ridge,4,-1.375,-5.271234200266147
GDPa1-045,AC_SINS,Global,Ridge,4,15.5,5.794902274825203
GDPa1-047,AC_SINS,Global,Ridge,4,1.625,2.7839926518782327
GDPa1-049,AC_SINS,Global,Ridge,4,0.125,0.6550977932579123
GDPa1-050,AC_SINS,Global,Ridge,4,18.125,2.2391298666535047
GDPa1-052,AC_SINS,Global,Ridge,4,-0.875,2.5556221236136007
GDPa1-057,AC_SINS,Global,Ridge,4,11.0,5.077104940379061
GDPa1-059,AC_SINS,Global,Ridge,4,15.625,1.1479626014201338
GDPa1-063,AC_SINS,Global,Ridge,4,15.0,6.6468119134508274
GDPa1-068,AC_SINS,Global,Ridge,4,-0.875,5.750366877363447
GDPa1-071,AC_SINS,Global,Ridge,4,0.625,-0.9291143090617737
GDPa1-084,AC_SINS,Global,Ridge,4,5.625,9.671291202441697
GDPa1-085,AC_SINS,Global,Ridge,4,-0.375,4.724395249252243
GDPa1-089,AC_SINS,Global,Ridge,4,1.125,3.897827027360256
GDPa1-093,AC_SINS,Global,Ridge,4,-0.375,4.163872092999243
GDPa1-103,AC_SINS,Global,Ridge,4,16.0,11.359351230907343
GDPa1-105,AC_SINS,Global,Ridge,4,-0.5,-0.22693227551229445
GDPa1-117,AC_SINS,Global,Ridge,4,27.0,2.837638542830378
GDPa1-118,AC_SINS,Global,Ridge,4,-0.375,-0.9297220845351317
GDPa1-124,AC_SINS,Global,Ridge,4,16.0,8.85345639834707
GDPa1-132,AC_SINS,Global,Ridge,4,13.125,8.016354725803774
GDPa1-137,AC_SINS,Global,Ridge,4,-0.875,5.072743678000559
GDPa1-139,AC_SINS,Global,Ridge,4,0.5,3.169777065560604
GDPa1-140,AC_SINS,Global,Ridge,4,21.625,9.852753423335454
GDPa1-143,AC_SINS,Global,Ridge,4,20.125,2.452946101152087
GDPa1-145,AC_SINS,Global,Ridge,4,15.0,8.493822749798378
GDPa1-151,AC_SINS,Global,Ridge,4,2.5,4.4866396681723995
GDPa1-153,AC_SINS,Global,Ridge,4,1.625,7.9745334627531665
GDPa1-157,AC_SINS,Global,Ridge,4,22.125,11.326100758235983
GDPa1-167,AC_SINS,Global,Ridge,4,16.0,7.398105926782621
GDPa1-178,AC_SINS,Global,Ridge,4,-0.375,7.243555496318622
GDPa1-180,AC_SINS,Global,Ridge,4,-1.0,4.567088200713595
GDPa1-183,AC_SINS,Global,Ridge,4,2.5,11.80601033075252
GDPa1-205,AC_SINS,Global,Ridge,4,2.625,5.6204389075154415
GDPa1-208,AC_SINS,Global,Ridge,4,3.625,7.37652631925846
GDPa1-216,AC_SINS,Global,Ridge,4,23.0,10.486290148452106
GDPa1-218,AC_SINS,Global,Ridge,4,-0.375,2.8512656681847375
GDPa1-227,AC_SINS,Global,Ridge,4,0.125,1.5249647785653258
GDPa1-240,AC_SINS,Global,Ridge,4,0.0,1.9903824436440547
GDPa1-243,AC_SINS,Global,Ridge,4,26.0,7.722525991458658
GDPa1-246,AC_SINS,Global,Ridge,4,29.5,4.463737195083
GDPa1-002,AC_SINS,Region,Ridge,0,1.5,7.7960184356050135
GDPa1-004,AC_SINS,Region,Ridge,0,-0.375,-10.458630525574677
GDPa1-005,AC_SINS,Region,Ridge,0,7.5,11.038926146963256
GDPa1-006,AC_SINS,Region,Ridge,0,27.0,7.388655385374648
GDPa1-013,AC_SINS,Region,Ridge,0,1.0,3.931895505404645
GDPa1-014,AC_SINS,Region,Ridge,0,8.5,5.6660097272982615
GDPa1-023,AC_SINS,Region,Ridge,0,1.125,6.20191473451168
GDPa1-026,AC_SINS,Region,Ridge,0,2.625,-4.114981924961114
GDPa1-029,AC_SINS,Region,Ridge,0,20.125,23.85132203830521
GDPa1-042,AC_SINS,Region,Ridge,0,1.625,11.363936385822981
GDPa1-046,AC_SINS,Region,Ridge,0,0.125,15.371904950832588
GDPa1-051,AC_SINS,Region,Ridge,0,-0.375,-15.055324689114958
GDPa1-053,AC_SINS,Region,Ridge,0,0.0,13.90507939674384
GDPa1-060,AC_SINS,Region,Ridge,0,1.625,11.066365520790344
GDPa1-062,AC_SINS,Region,Ridge,0,11.5,-16.98406267355731
GDPa1-065,AC_SINS,Region,Ridge,0,-0.375,7.583332890002568
GDPa1-066,AC_SINS,Region,Ridge,0,-0.375,10.567409917295379
GDPa1-069,AC_SINS,Region,Ridge,0,-0.5,3.354476934746573
GDPa1-072,AC_SINS,Region,Ridge,0,23.0,18.240597590227374
GDPa1-073,AC_SINS,Region,Ridge,0,-0.375,-10.234796671359526
GDPa1-076,AC_SINS,Region,Ridge,0,3.0,19.84694075661963
GDPa1-079,AC_SINS,Region,Ridge,0,1.5,12.188458528401775
GDPa1-083,AC_SINS,Region,Ridge,0,0.125,0.07481322978265137
GDPa1-087,AC_SINS,Region,Ridge,0,0.0,1.6421888786435472
GDPa1-092,AC_SINS,Region,Ridge,0,3.625,15.033805304085611
GDPa1-097,AC_SINS,Region,Ridge,0,1.0,6.626104798582919
GDPa1-111,AC_SINS,Region,Ridge,0,19.625,9.042206890287133
GDPa1-120,AC_SINS,Region,Ridge,0,26.125,-4.610545192465732
GDPa1-131,AC_SINS,Region,Ridge,0,1.0,8.057720103204513
GDPa1-138,AC_SINS,Region,Ridge,0,20.625,9.083726318794529
GDPa1-142,AC_SINS,Region,Ridge,0,1.125,-2.3810431654617386
GDPa1-146,AC_SINS,Region,Ridge,0,2.125,11.452797466399417
GDPa1-154,AC_SINS,Region,Ridge,0,12.625,6.641155884674024
GDPa1-159,AC_SINS,Region,Ridge,0,0.0,-8.2287887970854
GDPa1-161,AC_SINS,Region,Ridge,0,-0.375,1.6506897496584996
GDPa1-172,AC_SINS,Region,Ridge,0,0.625,-9.34821213616923
GDPa1-175,AC_SINS,Region,Ridge,0,-0.375,4.233912517799313
GDPa1-177,AC_SINS,Region,Ridge,0,0.0,3.7155251816348107
GDPa1-179,AC_SINS,Region,Ridge,0,-1.875,-15.110517227187678
GDPa1-181,AC_SINS,Region,Ridge,0,19.125,6.681076054464502
GDPa1-182,AC_SINS,Region,Ridge,0,0.625,1.6470957894726466
GDPa1-187,AC_SINS,Region,Ridge,0,0.125,12.643207010097452
GDPa1-188,AC_SINS,Region,Ridge,0,6.125,6.3587147258398415
GDPa1-196,AC_SINS,Region,Ridge,0,-0.375,-5.455998930629745
GDPa1-197,AC_SINS,Region,Ridge,0,9.0,3.459577533645111
GDPa1-200,AC_SINS,Region,Ridge,0,0.125,-5.196250727881576
GDPa1-209,AC_SINS,Region,Ridge,0,2.0,-0.9664857042422117
GDPa1-222,AC_SINS,Region,Ridge,0,12.0,10.46388210171301
GDPa1-225,AC_SINS,Region,Ridge,0,2.125,15.434849291899205
GDPa1-230,AC_SINS,Region,Ridge,0,1.0,5.7243088291823625
GDPa1-238,AC_SINS,Region,Ridge,0,15.625,14.897751664077877
GDPa1-242,AC_SINS,Region,Ridge,0,18.0,6.588483285484256
GDPa1-244,AC_SINS,Region,Ridge,0,-1.375,-6.941411620195746
GDPa1-016,AC_SINS,Region,Ridge,1,-0.875,18.65141634984023
GDPa1-019,AC_SINS,Region,Ridge,1,5.625,20.450199779099915
GDPa1-021,AC_SINS,Region,Ridge,1,-1.375,6.127281871232194
GDPa1-022,AC_SINS,Region,Ridge,1,14.625,-8.81961174399839
GDPa1-036,AC_SINS,Region,Ridge,1,-0.875,2.6188803086576335
GDPa1-039,AC_SINS,Region,Ridge,1,15.5,18.4532393940149
GDPa1-041,AC_SINS,Region,Ridge,1,1.125,28.386851482513475
GDPa1-044,AC_SINS,Region,Ridge,1,1.125,26.149562436558327
GDPa1-054,AC_SINS,Region,Ridge,1,-0.375,26.399015945855407
GDPa1-061,AC_SINS,Region,Ridge,1,8.0,3.158259442138344
GDPa1-070,AC_SINS,Region,Ridge,1,0.125,4.723015399302873
GDPa1-074,AC_SINS,Region,Ridge,1,2.0,1.9817160169917507
GDPa1-075,AC_SINS,Region,Ridge,1,11.0,14.759396396494935
GDPa1-080,AC_SINS,Region,Ridge,1,1.125,4.35364352851732
GDPa1-082,AC_SINS,Region,Ridge,1,-0.375,3.315388621208244
GDPa1-096,AC_SINS,Region,Ridge,1,-0.875,33.69432235334406
GDPa1-098,AC_SINS,Region,Ridge,1,-0.375,0.8284073698513117
GDPa1-101,AC_SINS,Region,Ridge,1,19.125,12.601882180962914
GDPa1-107,AC_SINS,Region,Ridge,1,0.125,11.467615316137191
GDPa1-115,AC_SINS,Region,Ridge,1,-0.375,0.15621711214651945
GDPa1-119,AC_SINS,Region,Ridge,1,0.0,-16.71494533965173
GDPa1-126,AC_SINS,Region,Ridge,1,-0.375,3.619075077985847
GDPa1-129,AC_SINS,Region,Ridge,1,12.0,13.530805245187118
GDPa1-130,AC_SINS,Region,Ridge,1,-0.5,0.15621711214651945
GDPa1-134,AC_SINS,Region,Ridge,1,-0.375,20.071135038596633
GDPa1-141,AC_SINS,Region,Ridge,1,-0.5,9.07796085604978
GDPa1-149,AC_SINS,Region,Ridge,1,0.0,27.78993067681837
GDPa1-152,AC_SINS,Region,Ridge,1,3.625,-5.567440371816855
GDPa1-158,AC_SINS,Region,Ridge,1,0.625,10.85672791643271
GDPa1-164,AC_SINS,Region,Ridge,1,3.125,1.288497219327052
GDPa1-165,AC_SINS,Region,Ridge,1,7.5,31.342923535595055
GDPa1-169,AC_SINS,Region,Ridge,1,12.125,12.017282256885206
GDPa1-170,AC_SINS,Region,Ridge,1,-0.375,17.95254263211842
GDPa1-171,AC_SINS,Region,Ridge,1,-0.875,22.149935314184873
GDPa1-176,AC_SINS,Region,Ridge,1,0.125,72.15512318419977
GDPa1-185,AC_SINS,Region,Ridge,1,-0.375,-1.9313230499492642
GDPa1-190,AC_SINS,Region,Ridge,1,7.5,20.378170354471603
GDPa1-191,AC_SINS,Region,Ridge,1,1.125,3.3441240817433893
GDPa1-193,AC_SINS,Region,Ridge,1,5.5,7.423124890417896
GDPa1-199,AC_SINS,Region,Ridge,1,0.625,-6.731020897864638
GDPa1-201,AC_SINS,Region,Ridge,1,10.625,-11.229211173465604
GDPa1-203,AC_SINS,Region,Ridge,1,-0.875,5.105384014094931
GDPa1-211,AC_SINS,Region,Ridge,1,-1.375,13.076116232806761
GDPa1-215,AC_SINS,Region,Ridge,1,3.5,5.538359547849721
GDPa1-219,AC_SINS,Region,Ridge,1,17.0,29.72708748624444
GDPa1-223,AC_SINS,Region,Ridge,1,0.625,12.051085583265753
GDPa1-237,AC_SINS,Region,Ridge,1,-0.875,2.4310010035118594
GDPa1-241,AC_SINS,Region,Ridge,1,-0.375,14.57310270780026
GDPa1-001,AC_SINS,Region,Ridge,2,2.125,20.777686186716185
GDPa1-003,AC_SINS,Region,Ridge,2,1.0,-11.812946223757528
GDPa1-008,AC_SINS,Region,Ridge,2,3.125,3.1771381259561804
GDPa1-009,AC_SINS,Region,Ridge,2,18.125,-4.584598062901381
GDPa1-017,AC_SINS,Region,Ridge,2,22.125,4.294080164446785
GDPa1-018,AC_SINS,Region,Ridge,2,27.0,-4.7301501236328685
GDPa1-027,AC_SINS,Region,Ridge,2,20.125,2.9577424440369326
GDPa1-033,AC_SINS,Region,Ridge,2,14.0,18.031601041543407
GDPa1-048,AC_SINS,Region,Ridge,2,1.625,-6.01136169907537
GDPa1-056,AC_SINS,Region,Ridge,2,0.625,9.158324521769114
GDPa1-064,AC_SINS,Region,Ridge,2,4.5,-0.006991829060236654
GDPa1-067,AC_SINS,Region,Ridge,2,0.0,11.551530344261282
GDPa1-078,AC_SINS,Region,Ridge,2,19.125,25.626127272070427
GDPa1-086,AC_SINS,Region,Ridge,2,21.125,-4.263913895603193
GDPa1-088,AC_SINS,Region,Ridge,2,20.625,16.382508089141133
GDPa1-091,AC_SINS,Region,Ridge,2,15.125,-2.9872650996409655
GDPa1-095,AC_SINS,Region,Ridge,2,1.0,17.85668156682499
GDPa1-099,AC_SINS,Region,Ridge,2,2.0,10.477937105659725
GDPa1-102,AC_SINS,Region,Ridge,2,8.0,8.204499790106782
GDPa1-106,AC_SINS,Region,Ridge,2,4.5,5.5422810878673845
GDPa1-112,AC_SINS,Region,Ridge,2,3.125,15.564434695855226
GDPa1-113,AC_SINS,Region,Ridge,2,7.0,10.037096256569892
GDPa1-114,AC_SINS,Region,Ridge,2,-0.375,0.32965089276934467
GDPa1-121,AC_SINS,Region,Ridge,2,27.5,0.5592715577707645
GDPa1-122,AC_SINS,Region,Ridge,2,0.0,-15.73709080870099
GDPa1-128,AC_SINS,Region,Ridge,2,2.0,-3.9191237257715708
GDPa1-133,AC_SINS,Region,Ridge,2,0.0,3.339646044500771
GDPa1-135,AC_SINS,Region,Ridge,2,1.25,5.428153627427088
GDPa1-148,AC_SINS,Region,Ridge,2,-0.875,0.821241587823744
GDPa1-155,AC_SINS,Region,Ridge,2,0.625,10.489239942454851
GDPa1-160,AC_SINS,Region,Ridge,2,14.625,-3.938590030854459
GDPa1-162,AC_SINS,Region,Ridge,2,1.125,7.352433994357108
GDPa1-184,AC_SINS,Region,Ridge,2,-0.375,-4.881549897959654
GDPa1-186,AC_SINS,Region,Ridge,2,12.625,12.229728153824562
GDPa1-189,AC_SINS,Region,Ridge,2,3.5,-4.493659206257111
GDPa1-194,AC_SINS,Region,Ridge,2,3.0,12.626788015571481
GDPa1-195,AC_SINS,Region,Ridge,2,28.625,15.646242688900614
GDPa1-202,AC_SINS,Region,Ridge,2,-0.875,-6.475127981368689
GDPa1-210,AC_SINS,Region,Ridge,2,28.0,8.17055452119769
GDPa1-214,AC_SINS,Region,Ridge,2,3.125,6.345172279895459
GDPa1-220,AC_SINS,Region,Ridge,2,27.125,19.551160071982892
GDPa1-224,AC_SINS,Region,Ridge,2,10.5,7.556258986573998
GDPa1-228,AC_SINS,Region,Ridge,2,1.125,19.49612422565532
GDPa1-229,AC_SINS,Region,Ridge,2,9.0,0.08953272530399392
GDPa1-231,AC_SINS,Region,Ridge,2,-0.375,3.8296447042446844
GDPa1-232,AC_SINS,Region,Ridge,2,10.125,11.949610003524707
GDPa1-233,AC_SINS,Region,Ridge,2,7.0,16.38904709179541
GDPa1-234,AC_SINS,Region,Ridge,2,14.0,3.5104181685308165
GDPa1-007,AC_SINS,Region,Ridge,3,-1.375,-9.034507825177677
GDPa1-010,AC_SINS,Region,Ridge,3,-0.5,10.758139998741566
GDPa1-012,AC_SINS,Region,Ridge,3,-0.875,10.61176155855292
GDPa1-024,AC_SINS,Region,Ridge,3,17.125,22.957888368296178
GDPa1-037,AC_SINS,Region,Ridge,3,-0.375,-7.948496798716647
GDPa1-038,AC_SINS,Region,Ridge,3,15.0,19.888798220963565
GDPa1-040,AC_SINS,Region,Ridge,3,0.0,0.38180300794334343
GDPa1-043,AC_SINS,Region,Ridge,3,15.5,2.1057106841990896
GDPa1-055,AC_SINS,Region,Ridge,3,3.125,10.355711240146215
GDPa1-058,AC_SINS,Region,Ridge,3,1.0,7.737167219056052
GDPa1-077,AC_SINS,Region,Ridge,3,16.0,11.944702090699122
GDPa1-081,AC_SINS,Region,Ridge,3,2.5,18.194092383417004
GDPa1-090,AC_SINS,Region,Ridge,3,0.5,1.6104890299638948
GDPa1-094,AC_SINS,Region,Ridge,3,4.0,10.040596145831433
GDPa1-100,AC_SINS,Region,Ridge,3,-1.375,21.526982684356682
GDPa1-104,AC_SINS,Region,Ridge,3,27.0,6.956929564953596
GDPa1-108,AC_SINS,Region,Ridge,3,0.125,12.335818538173704
GDPa1-109,AC_SINS,Region,Ridge,3,-0.375,0.08866789588759172
GDPa1-116,AC_SINS,Region,Ridge,3,0.625,15.327245322234376
GDPa1-123,AC_SINS,Region,Ridge,3,24.5,15.102604265793865
GDPa1-125,AC_SINS,Region,Ridge,3,8.0,8.035755948479888
GDPa1-127,AC_SINS,Region,Ridge,3,11.625,6.752168492870731
GDPa1-136,AC_SINS,Region,Ridge,3,-0.875,10.629317816103022
GDPa1-144,AC_SINS,Region,Ridge,3,0.625,14.499054073962748
GDPa1-147,AC_SINS,Region,Ridge,3,2.125,7.090011948789847
GDPa1-156,AC_SINS,Region,Ridge,3,-0.375,14.862570400497622
GDPa1-163,AC_SINS,Region,Ridge,3,21.625,16.0611039479141
GDPa1-166,AC_SINS,Region,Ridge,3,2.5,10.561468843883944
GDPa1-168,AC_SINS,Region,Ridge,3,-1.375,-186.31561593537788
GDPa1-173,AC_SINS,Region,Ridge,3,10.0,11.00341036668856
GDPa1-192,AC_SINS,Region,Ridge,3,22.125,5.8871888514626205
GDPa1-198,AC_SINS,Region,Ridge,3,-0.375,-4.389537762134223
GDPa1-204,AC_SINS,Region,Ridge,3,17.0,21.764878538215516
GDPa1-206,AC_SINS,Region,Ridge,3,0.625,13.261308536368563
GDPa1-207,AC_SINS,Region,Ridge,3,9.0,11.749528040115754
GDPa1-212,AC_SINS,Region,Ridge,3,1.125,24.041800466658486
GDPa1-213,AC_SINS,Region,Ridge,3,24.625,6.037807410784286
GDPa1-217,AC_SINS,Region,Ridge,3,1.625,3.0419915363055905
GDPa1-221,AC_SINS,Region,Ridge,3,0.625,14.500095224960663
GDPa1-226,AC_SINS,Region,Ridge,3,1.0,5.03736801180914
GDPa1-235,AC_SINS,Region,Ridge,3,0.0,13.465425112750975
GDPa1-236,AC_SINS,Region,Ridge,3,28.125,14.957929718486175
GDPa1-239,AC_SINS,Region,Ridge,3,-0.375,16.1099008094055
GDPa1-245,AC_SINS,Region,Ridge,3,0.625,-2.197748293904583
GDPa1-011,AC_SINS,Region,Ridge,4,19.0,3.440435291350526
GDPa1-015,AC_SINS,Region,Ridge,4,2.625,11.058047557129242
GDPa1-020,AC_SINS,Region,Ridge,4,0.625,28.040048972559635
GDPa1-025,AC_SINS,Region,Ridge,4,26.0,16.124554959585133
GDPa1-030,AC_SINS,Region,Ridge,4,0.125,7.628647824071166
GDPa1-031,AC_SINS,Region,Ridge,4,-1.375,-0.6765228931380785
GDPa1-032,AC_SINS,Region,Ridge,4,25.5,14.38923527403853
GDPa1-034,AC_SINS,Region,Ridge,4,14.0,34.46934312537641
GDPa1-035,AC_SINS,Region,Ridge,4,-1.375,-10.010716397698868
GDPa1-045,AC_SINS,Region,Ridge,4,15.5,27.303959283469716
GDPa1-047,AC_SINS,Region,Ridge,4,1.625,2.1387745362362622
GDPa1-049,AC_SINS,Region,Ridge,4,0.125,-6.170260540396831
GDPa1-050,AC_SINS,Region,Ridge,4,18.125,-8.266756609923615
GDPa1-052,AC_SINS,Region,Ridge,4,-0.875,5.472733359943664
GDPa1-057,AC_SINS,Region,Ridge,4,11.0,7.225683954071994
GDPa1-059,AC_SINS,Region,Ridge,4,15.625,12.529221137244633
GDPa1-063,AC_SINS,Region,Ridge,4,15.0,1.8591152221810185
GDPa1-068,AC_SINS,Region,Ridge,4,-0.875,13.13592796747173
GDPa1-071,AC_SINS,Region,Ridge,4,0.625,-14.296861409017193
GDPa1-084,AC_SINS,Region,Ridge,4,5.625,18.877896866243276
GDPa1-085,AC_SINS,Region,Ridge,4,-0.375,4.766780424599424
GDPa1-089,AC_SINS,Region,Ridge,4,1.125,5.834743051978695
GDPa1-093,AC_SINS,Region,Ridge,4,-0.375,5.372119439678007
GDPa1-103,AC_SINS,Region,Ridge,4,16.0,15.785090894035424
GDPa1-105,AC_SINS,Region,Ridge,4,-0.5,9.011334219312438
GDPa1-117,AC_SINS,Region,Ridge,4,27.0,-3.7153725096736183
GDPa1-118,AC_SINS,Region,Ridge,4,-0.375,-3.368374202999324
GDPa1-124,AC_SINS,Region,Ridge,4,16.0,21.9041834386059
GDPa1-132,AC_SINS,Region,Ridge,4,13.125,8.914833486563584
GDPa1-137,AC_SINS,Region,Ridge,4,-0.875,-2.429028219355339
GDPa1-139,AC_SINS,Region,Ridge,4,0.5,19.705550048835086
GDPa1-140,AC_SINS,Region,Ridge,4,21.625,13.783445602869069
GDPa1-143,AC_SINS,Region,Ridge,4,20.125,9.784896132744057
GDPa1-145,AC_SINS,Region,Ridge,4,15.0,10.62847633633542
GDPa1-151,AC_SINS,Region,Ridge,4,2.5,3.271533017089858
GDPa1-153,AC_SINS,Region,Ridge,4,1.625,-2.2800453657664894
GDPa1-157,AC_SINS,Region,Ridge,4,22.125,19.991368356201193
GDPa1-167,AC_SINS,Region,Ridge,4,16.0,-11.36156031163301
GDPa1-178,AC_SINS,Region,Ridge,4,-0.375,7.575332103799217
GDPa1-180,AC_SINS,Region,Ridge,4,-1.0,6.596544789089471
GDPa1-183,AC_SINS,Region,Ridge,4,2.5,11.965407972079957
GDPa1-205,AC_SINS,Region,Ridge,4,2.625,7.331751624784543
GDPa1-208,AC_SINS,Region,Ridge,4,3.625,6.617487611955769
GDPa1-216,AC_SINS,Region,Ridge,4,23.0,10.003600013811777
GDPa1-218,AC_SINS,Region,Ridge,4,-0.375,7.567662428120656
GDPa1-227,AC_SINS,Region,Ridge,4,0.125,-7.710368477495231
GDPa1-240,AC_SINS,Region,Ridge,4,0.0,-9.735858556693064
GDPa1-243,AC_SINS,Region,Ridge,4,26.0,15.554553140168235
GDPa1-246,AC_SINS,Region,Ridge,4,29.5,-2.156265529220595
GDPa1-002,AC_SINS,Structure,Ridge,0,1.5,7.074880602839103
GDPa1-004,AC_SINS,Structure,Ridge,0,-0.375,1.847859027186673
GDPa1-005,AC_SINS,Structure,Ridge,0,7.5,6.273266393660076
GDPa1-006,AC_SINS,Structure,Ridge,0,27.0,14.653188719048025
GDPa1-013,AC_SINS,Structure,Ridge,0,1.0,7.280764785882812
GDPa1-014,AC_SINS,Structure,Ridge,0,8.5,8.383144626812163
GDPa1-023,AC_SINS,Structure,Ridge,0,1.125,7.236295093401846
GDPa1-026,AC_SINS,Structure,Ridge,0,2.625,7.656862491937543
GDPa1-029,AC_SINS,Structure,Ridge,0,20.125,11.73727934803981
GDPa1-042,AC_SINS,Structure,Ridge,0,1.625,10.053369658656122
GDPa1-046,AC_SINS,Structure,Ridge,0,0.125,4.047062104381878
GDPa1-051,AC_SINS,Structure,Ridge,0,-0.375,4.576794810139077
GDPa1-053,AC_SINS,Structure,Ridge,0,0.0,9.455131330467983
GDPa1-060,AC_SINS,Structure,Ridge,0,1.625,6.85875403175088
GDPa1-062,AC_SINS,Structure,Ridge,0,11.5,5.16229628428211
GDPa1-065,AC_SINS,Structure,Ridge,0,-0.375,1.1081266962819658
GDPa1-066,AC_SINS,Structure,Ridge,0,-0.375,9.476901679174581
GDPa1-069,AC_SINS,Structure,Ridge,0,-0.5,4.976043098462078
GDPa1-072,AC_SINS,Structure,Ridge,0,23.0,8.466691573272277
GDPa1-073,AC_SINS,Structure,Ridge,0,-0.375,7.41161740638757
GDPa1-076,AC_SINS,Structure,Ridge,0,3.0,6.5351279363043275
GDPa1-079,AC_SINS,Structure,Ridge,0,1.5,5.9677967445894975
GDPa1-083,AC_SINS,Structure,Ridge,0,0.125,3.5154929538663664
GDPa1-087,AC_SINS,Structure,Ridge,0,0.0,4.00447821740798
GDPa1-092,AC_SINS,Structure,Ridge,0,3.625,8.947843500265478
GDPa1-097,AC_SINS,Structure,Ridge,0,1.0,6.014400815012594
GDPa1-111,AC_SINS,Structure,Ridge,0,19.625,8.956983763726349
GDPa1-120,AC_SINS,Structure,Ridge,0,26.125,9.300841097370622
GDPa1-131,AC_SINS,Structure,Ridge,0,1.0,5.975250649963071
GDPa1-138,AC_SINS,Structure,Ridge,0,20.625,8.883132799542327
GDPa1-142,AC_SINS,Structure,Ridge,0,1.125,4.847119706082866
GDPa1-146,AC_SINS,Structure,Ridge,0,2.125,10.048685026147194
GDPa1-154,AC_SINS,Structure,Ridge,0,12.625,10.1523939892886
GDPa1-159,AC_SINS,Structure,Ridge,0,0.0,4.490543327641564
GDPa1-161,AC_SINS,Structure,Ridge,0,-0.375,9.905048568409839
GDPa1-172,AC_SINS,Structure,Ridge,0,0.625,6.726355927699619
GDPa1-175,AC_SINS,Structure,Ridge,0,-0.375,10.050847319743765
GDPa1-177,AC_SINS,Structure,Ridge,0,0.0,8.322089848789377
GDPa1-179,AC_SINS,Structure,Ridge,0,-1.875,0.6220712481145858
GDPa1-181,AC_SINS,Structure,Ridge,0,19.125,8.69128194972966
GDPa1-182,AC_SINS,Structure,Ridge,0,0.625,6.751798971782967
GDPa1-187,AC_SINS,Structure,Ridge,0,0.125,9.165294143479144
GDPa1-188,AC_SINS,Structure,Ridge,0,6.125,7.367728524109236
GDPa1-196,AC_SINS,Structure,Ridge,0,-0.375,3.4558321052090606
GDPa1-197,AC_SINS,Structure,Ridge,0,9.0,9.263644952871587
GDPa1-200,AC_SINS,Structure,Ridge,0,0.125,7.071642917260595
GDPa1-209,AC_SINS,Structure,Ridge,0,2.0,3.533597505044011
GDPa1-222,AC_SINS,Structure,Ridge,0,12.0,7.784344602673193
GDPa1-225,AC_SINS,Structure,Ridge,0,2.125,6.406003097369894
GDPa1-230,AC_SINS,Structure,Ridge,0,1.0,9.452735182037223
GDPa1-238,AC_SINS,Structure,Ridge,0,15.625,9.335596669738997
GDPa1-242,AC_SINS,Structure,Ridge,0,18.0,10.032905873297487
GDPa1-244,AC_SINS,Structure,Ridge,0,-1.375,7.771189777668122
GDPa1-016,AC_SINS,Structure,Ridge,1,-0.875,6.0704954314225406
GDPa1-019,AC_SINS,Structure,Ridge,1,5.625,6.296452559581806
GDPa1-021,AC_SINS,Structure,Ridge,1,-1.375,5.135554341558919
GDPa1-022,AC_SINS,Structure,Ridge,1,14.625,11.346735072462106
GDPa1-036,AC_SINS,Structure,Ridge,1,-0.875,5.138293997680737
GDPa1-039,AC_SINS,Structure,Ridge,1,15.5,6.122127204133364
GDPa1-041,AC_SINS,Structure,Ridge,1,1.125,6.82181922071891
GDPa1-044,AC_SINS,Structure,Ridge,1,1.125,6.214876805912727
GDPa1-054,AC_SINS,Structure,Ridge,1,-0.375,6.968848452249859
GDPa1-061,AC_SINS,Structure,Ridge,1,8.0,7.087507308433411
GDPa1-070,AC_SINS,Structure,Ridge,1,0.125,8.21810570970091
GDPa1-074,AC_SINS,Structure,Ridge,1,2.0,6.600323758378236
GDPa1-075,AC_SINS,Structure,Ridge,1,11.0,6.68247038096998
GDPa1-080,AC_SINS,Structure,Ridge,1,1.125,6.261373080060126
GDPa1-082,AC_SINS,Structure,Ridge,1,-0.375,6.536196689432781
GDPa1-096,AC_SINS,Structure,Ridge,1,-0.875,3.487374020574664
GDPa1-098,AC_SINS,Structure,Ridge,1,-0.375,7.406329705060401
GDPa1-101,AC_SINS,Structure,Ridge,1,19.125,8.720376767602728
GDPa1-107,AC_SINS,Structure,Ridge,1,0.125,7.415879018066907
GDPa1-115,AC_SINS,Structure,Ridge,1,-0.375,7.6462341923458865
GDPa1-119,AC_SINS,Structure,Ridge,1,0.0,-5.123453099653738
GDPa1-126,AC_SINS,Structure,Ridge,1,-0.375,7.159771908630412
GDPa1-129,AC_SINS,Structure,Ridge,1,12.0,11.776938285816827
GDPa1-130,AC_SINS,Structure,Ridge,1,-0.5,5.8696237278698735
GDPa1-134,AC_SINS,Structure,Ridge,1,-0.375,6.952561856482296
GDPa1-141,AC_SINS,Structure,Ridge,1,-0.5,6.5144857134167
GDPa1-149,AC_SINS,Structure,Ridge,1,0.0,5.288610755430761
GDPa1-152,AC_SINS,Structure,Ridge,1,3.625,7.2811813318679075
GDPa1-158,AC_SINS,Structure,Ridge,1,0.625,3.8670725585579038
GDPa1-164,AC_SINS,Structure,Ridge,1,3.125,1.7424590868668899
GDPa1-165,AC_SINS,Structure,Ridge,1,7.5,4.45415387087411
GDPa1-169,AC_SINS,Structure,Ridge,1,12.125,5.356123458951471
GDPa1-170,AC_SINS,Structure,Ridge,1,-0.375,1.0353194135839194
GDPa1-171,AC_SINS,Structure,Ridge,1,-0.875,7.64832199562773
GDPa1-176,AC_SINS,Structure,Ridge,1,0.125,7.050480609247523
GDPa1-185,AC_SINS,Structure,Ridge,1,-0.375,0.5369567262051085
GDPa1-190,AC_SINS,Structure,Ridge,1,7.5,7.380051330744897
GDPa1-191,AC_SINS,Structure,Ridge,1,1.125,7.744841050761852
GDPa1-193,AC_SINS,Structure,Ridge,1,5.5,9.842923564234969
GDPa1-199,AC_SINS,Structure,Ridge,1,0.625,6.737447695419325
GDPa1-201,AC_SINS,Structure,Ridge,1,10.625,-6.985954576785299
GDPa1-203,AC_SINS,Structure,Ridge,1,-0.875,10.350118133521663
GDPa1-211,AC_SINS,Structure,Ridge,1,-1.375,8.89138416531212
GDPa1-215,AC_SINS,Structure,Ridge,1,3.5,8.830822303883288
GDPa1-219,AC_SINS,Structure,Ridge,1,17.0,10.922989285747224
GDPa1-223,AC_SINS,Structure,Ridge,1,0.625,6.070548972642052
GDPa1-237,AC_SINS,Structure,Ridge,1,-0.875,3.4871540601675677
GDPa1-241,AC_SINS,Structure,Ridge,1,-0.375,7.096114799757256
GDPa1-001,AC_SINS,Structure,Ridge,2,2.125,11.056784261812098
GDPa1-003,AC_SINS,Structure,Ridge,2,1.0,2.804444240797549
GDPa1-008,AC_SINS,Structure,Ridge,2,3.125,3.974885197132956
GDPa1-009,AC_SINS,Structure,Ridge,2,18.125,2.827701218086913
GDPa1-017,AC_SINS,Structure,Ridge,2,22.125,12.431298505434263
GDPa1-018,AC_SINS,Structure,Ridge,2,27.0,3.100116758550026
GDPa1-027,AC_SINS,Structure,Ridge,2,20.125,10.679383239593147
GDPa1-033,AC_SINS,Structure,Ridge,2,14.0,10.332207048367566
GDPa1-048,AC_SINS,Structure,Ridge,2,1.625,6.230448814826158
GDPa1-056,AC_SINS,Structure,Ridge,2,0.625,6.3387813000412905
GDPa1-064,AC_SINS,Structure,Ridge,2,4.5,6.122001164863778
GDPa1-067,AC_SINS,Structure,Ridge,2,0.0,10.189222189343097
GDPa1-078,AC_SINS,Structure,Ridge,2,19.125,1.9846425055077965
GDPa1-086,AC_SINS,Structure,Ridge,2,21.125,10.482057714163252
GDPa1-088,AC_SINS,Structure,Ridge,2,20.625,11.754805382744603
GDPa1-091,AC_SINS,Structure,Ridge,2,15.125,8.480853962067599
GDPa1-095,AC_SINS,Structure,Ridge,2,1.0,11.343902034710307
GDPa1-099,AC_SINS,Structure,Ridge,2,2.0,8.792130769731902
GDPa1-102,AC_SINS,Structure,Ridge,2,8.0,10.561063441385162
GDPa1-106,AC_SINS,Structure,Ridge,2,4.5,6.478165066036442
GDPa1-112,AC_SINS,Structure,Ridge,2,3.125,9.89297341686887
GDPa1-113,AC_SINS,Structure,Ridge,2,7.0,8.875725529675234
GDPa1-114,AC_SINS,Structure,Ridge,2,-0.375,4.497358617504116
GDPa1-121,AC_SINS,Structure,Ridge,2,27.5,7.934688599359795
GDPa1-122,AC_SINS,Structure,Ridge,2,0.0,3.8023017332429654
GDPa1-128,AC_SINS,Structure,Ridge,2,2.0,6.602318696170505
GDPa1-133,AC_SINS,Structure,Ridge,2,0.0,5.7882476356590615
GDPa1-135,AC_SINS,Structure,Ridge,2,1.25,-1.1317964830579674
GDPa1-148,AC_SINS,Structure,Ridge,2,-0.875,6.074514115742422
GDPa1-155,AC_SINS,Structure,Ridge,2,0.625,7.50643074687099
GDPa1-160,AC_SINS,Structure,Ridge,2,14.625,0.33445322294821445
GDPa1-162,AC_SINS,Structure,Ridge,2,1.125,1.1075584428450505
GDPa1-184,AC_SINS,Structure,Ridge,2,-0.375,7.436421420615163
GDPa1-186,AC_SINS,Structure,Ridge,2,12.625,6.345715915121285
GDPa1-189,AC_SINS,Structure,Ridge,2,3.5,3.7996032258623766
GDPa1-194,AC_SINS,Structure,Ridge,2,3.0,11.766745555359229
GDPa1-195,AC_SINS,Structure,Ridge,2,28.625,6.671673082903694
GDPa1-202,AC_SINS,Structure,Ridge,2,-0.875,6.31753326920074
GDPa1-210,AC_SINS,Structure,Ridge,2,28.0,6.139073722121106
GDPa1-214,AC_SINS,Structure,Ridge,2,3.125,11.639328618644694
GDPa1-220,AC_SINS,Structure,Ridge,2,27.125,10.128984556775329
GDPa1-224,AC_SINS,Structure,Ridge,2,10.5,2.1899036596716908
GDPa1-228,AC_SINS,Structure,Ridge,2,1.125,10.502821327127304
GDPa1-229,AC_SINS,Structure,Ridge,2,9.0,2.9437891392531417
GDPa1-231,AC_SINS,Structure,Ridge,2,-0.375,2.5629359908267855
GDPa1-232,AC_SINS,Structure,Ridge,2,10.125,13.049299172487501
GDPa1-233,AC_SINS,Structure,Ridge,2,7.0,14.075948999977513
GDPa1-234,AC_SINS,Structure,Ridge,2,14.0,8.603912507441654
GDPa1-007,AC_SINS,Structure,Ridge,3,-1.375,10.29468278910366
GDPa1-010,AC_SINS,Structure,Ridge,3,-0.5,9.794269306096679
GDPa1-012,AC_SINS,Structure,Ridge,3,-0.875,6.400569966141335
GDPa1-024,AC_SINS,Structure,Ridge,3,17.125,9.834160270198819
GDPa1-037,AC_SINS,Structure,Ridge,3,-0.375,0.03778601067274323
GDPa1-038,AC_SINS,Structure,Ridge,3,15.0,9.097987680963149
GDPa1-040,AC_SINS,Structure,Ridge,3,0.0,2.270874371326272
GDPa1-043,AC_SINS,Structure,Ridge,3,15.5,5.031859014054569
GDPa1-055,AC_SINS,Structure,Ridge,3,3.125,6.446778201700898
GDPa1-058,AC_SINS,Structure,Ridge,3,1.0,7.692080028293959
GDPa1-077,AC_SINS,Structure,Ridge,3,16.0,11.87021862145192
GDPa1-081,AC_SINS,Structure,Ridge,3,2.5,4.472169508218027
GDPa1-090,AC_SINS,Structure,Ridge,3,0.5,7.279108990909501
GDPa1-094,AC_SINS,Structure,Ridge,3,4.0,7.22226775109733
GDPa1-100,AC_SINS,Structure,Ridge,3,-1.375,9.697786110106748
GDPa1-104,AC_SINS,Structure,Ridge,3,27.0,8.255137634525305
GDPa1-108,AC_SINS,Structure,Ridge,3,0.125,8.447202547225043
GDPa1-109,AC_SINS,Structure,Ridge,3,-0.375,-0.09924496264749116
GDPa1-116,AC_SINS,Structure,Ridge,3,0.625,12.892075268438159
GDPa1-123,AC_SINS,Structure,Ridge,3,24.5,11.34505909697501
GDPa1-125,AC_SINS,Structure,Ridge,3,8.0,4.45496120923595
GDPa1-127,AC_SINS,Structure,Ridge,3,11.625,4.490846098952181
GDPa1-136,AC_SINS,Structure,Ridge,3,-0.875,7.367875870870519
GDPa1-144,AC_SINS,Structure,Ridge,3,0.625,11.228587893374131
GDPa1-147,AC_SINS,Structure,Ridge,3,2.125,6.101319638690503
GDPa1-156,AC_SINS,Structure,Ridge,3,-0.375,7.8468312913072715
GDPa1-163,AC_SINS,Structure,Ridge,3,21.625,11.501806829210306
GDPa1-166,AC_SINS,Structure,Ridge,3,2.5,7.07486386827536
GDPa1-168,AC_SINS,Structure,Ridge,3,-1.375,11.19050142526104
GDPa1-173,AC_SINS,Structure,Ridge,3,10.0,6.447905171444071
GDPa1-192,AC_SINS,Structure,Ridge,3,22.125,9.515447435107726
GDPa1-198,AC_SINS,Structure,Ridge,3,-0.375,4.157987380529752
GDPa1-204,AC_SINS,Structure,Ridge,3,17.0,6.538175134045648
GDPa1-206,AC_SINS,Structure,Ridge,3,0.625,9.267321360395506
GDPa1-207,AC_SINS,Structure,Ridge,3,9.0,8.227486595908424
GDPa1-212,AC_SINS,Structure,Ridge,3,1.125,3.171894381590744
GDPa1-213,AC_SINS,Structure,Ridge,3,24.625,11.568378053666642
GDPa1-217,AC_SINS,Structure,Ridge,3,1.625,7.1155278167306175
GDPa1-221,AC_SINS,Structure,Ridge,3,0.625,5.953755458635239
GDPa1-226,AC_SINS,Structure,Ridge,3,1.0,13.068464182814512
GDPa1-235,AC_SINS,Structure,Ridge,3,0.0,6.468569882564821
GDPa1-236,AC_SINS,Structure,Ridge,3,28.125,1.5954233555642663
GDPa1-239,AC_SINS,Structure,Ridge,3,-0.375,5.447717684110907
GDPa1-245,AC_SINS,Structure,Ridge,3,0.625,7.897129329400827
GDPa1-011,AC_SINS,Structure,Ridge,4,19.0,5.399654733989515
GDPa1-015,AC_SINS,Structure,Ridge,4,2.625,6.023815721186896
GDPa1-020,AC_SINS,Structure,Ridge,4,0.625,-0.27054926075163177
GDPa1-025,AC_SINS,Structure,Ridge,4,26.0,8.266675312077995
GDPa1-030,AC_SINS,Structure,Ridge,4,0.125,5.763558918400439
GDPa1-031,AC_SINS,Structure,Ridge,4,-1.375,0.677212023761367
GDPa1-032,AC_SINS,Structure,Ridge,4,25.5,9.114598679404597
GDPa1-034,AC_SINS,Structure,Ridge,4,14.0,8.294676159118932
GDPa1-035,AC_SINS,Structure,Ridge,4,-1.375,-4.10159404465567
GDPa1-045,AC_SINS,Structure,Ridge,4,15.5,1.9913111940577188
GDPa1-047,AC_SINS,Structure,Ridge,4,1.625,1.504839453956924
GDPa1-049,AC_SINS,Structure,Ridge,4,0.125,-1.7256981191714944
GDPa1-050,AC_SINS,Structure,Ridge,4,18.125,2.6113417468654463
GDPa1-052,AC_SINS,Structure,Ridge,4,-0.875,-0.9549339572673867
GDPa1-057,AC_SINS,Structure,Ridge,4,11.0,8.153308772849414
GDPa1-059,AC_SINS,Structure,Ridge,4,15.625,5.124351337066369
GDPa1-063,AC_SINS,Structure,Ridge,4,15.0,4.561440127024119
GDPa1-068,AC_SINS,Structure,Ridge,4,-0.875,3.172045314039883
GDPa1-071,AC_SINS,Structure,Ridge,4,0.625,1.6584567496500373
GDPa1-084,AC_SINS,Structure,Ridge,4,5.625,6.387722267012974
GDPa1-085,AC_SINS,Structure,Ridge,4,-0.375,3.6575213695217363
GDPa1-089,AC_SINS,Structure,Ridge,4,1.125,8.016453532025434
GDPa1-093,AC_SINS,Structure,Ridge,4,-0.375,2.2449774516231087
GDPa1-103,AC_SINS,Structure,Ridge,4,16.0,6.093449591645398
GDPa1-105,AC_SINS,Structure,Ridge,4,-0.5,2.0931211893438872
GDPa1-117,AC_SINS,Structure,Ridge,4,27.0,5.9019174370948875
GDPa1-118,AC_SINS,Structure,Ridge,4,-0.375,4.167602742570615
GDPa1-124,AC_SINS,Structure,Ridge,4,16.0,4.470408428955704
GDPa1-132,AC_SINS,Structure,Ridge,4,13.125,7.478924111486739
GDPa1-137,AC_SINS,Structure,Ridge,4,-0.875,5.9789743450738175
GDPa1-139,AC_SINS,Structure,Ridge,4,0.5,2.078893911290646
GDPa1-140,AC_SINS,Structure,Ridge,4,21.625,6.81691090755188
GDPa1-143,AC_SINS,Structure,Ridge,4,20.125,5.7840273496555366
GDPa1-145,AC_SINS,Structure,Ridge,4,15.0,8.064218758758273
GDPa1-151,AC_SINS,Structure,Ridge,4,2.5,3.604483617483301
GDPa1-153,AC_SINS,Structure,Ridge,4,1.625,1.3229431622823808
GDPa1-157,AC_SINS,Structure,Ridge,4,22.125,5.886535323103384
GDPa1-167,AC_SINS,Structure,Ridge,4,16.0,6.498858074449322
GDPa1-178,AC_SINS,Structure,Ridge,4,-0.375,4.993348936556481
GDPa1-180,AC_SINS,Structure,Ridge,4,-1.0,7.95193406605676
GDPa1-183,AC_SINS,Structure,Ridge,4,2.5,7.641619097136165
GDPa1-205,AC_SINS,Structure,Ridge,4,2.625,2.6059708333221483
GDPa1-208,AC_SINS,Structure,Ridge,4,3.625,4.787487139182573
GDPa1-216,AC_SINS,Structure,Ridge,4,23.0,7.618622192575195
GDPa1-218,AC_SINS,Structure,Ridge,4,-0.375,2.089978174056763
GDPa1-227,AC_SINS,Structure,Ridge,4,0.125,3.5057317483730426
GDPa1-240,AC_SINS,Structure,Ridge,4,0.0,3.9332514368300053
GDPa1-243,AC_SINS,Structure,Ridge,4,26.0,6.268103066716416
GDPa1-246,AC_SINS,Structure,Ridge,4,29.5,6.590484235453344
GDPa1-002,HIC,Embeddings,ElasticNet,0,2.545,2.8241905723439804
GDPa1-004,HIC,Embeddings,ElasticNet,0,2.565,2.8774337600887767
GDPa1-005,HIC,Embeddings,ElasticNet,0,2.495,2.794043722012366
GDPa1-006,HIC,Embeddings,ElasticNet,0,2.46,2.7382562605567964
GDPa1-013,HIC,Embeddings,ElasticNet,0,2.7350000000000003,2.805220977503498
GDPa1-014,HIC,Embeddings,ElasticNet,0,3.755,2.7654348936881528
GDPa1-023,HIC,Embeddings,ElasticNet,0,3.1950000000000003,2.8345085587716263
GDPa1-026,HIC,Embeddings,ElasticNet,0,2.83,2.7691226700170297
GDPa1-029,HIC,Embeddings,ElasticNet,0,2.76,2.782426196617839
GDPa1-042,HIC,Embeddings,ElasticNet,0,3.18,2.800401027849882
GDPa1-046,HIC,Embeddings,ElasticNet,0,2.685,2.870327214176222
GDPa1-051,HIC,Embeddings,ElasticNet,0,2.4450000000000003,2.8629128311640764
GDPa1-053,HIC,Embeddings,ElasticNet,0,2.48,2.6570774660012155
GDPa1-060,HIC,Embeddings,ElasticNet,0,2.71,2.7948541240332063
GDPa1-062,HIC,Embeddings,ElasticNet,0,2.79,2.824755103704783
GDPa1-065,HIC,Embeddings,ElasticNet,0,2.865,2.8536793804634857
GDPa1-066,HIC,Embeddings,ElasticNet,0,2.505,2.6844238167292263
GDPa1-069,HIC,Embeddings,ElasticNet,0,2.915,2.769510732034899
GDPa1-072,HIC,Embeddings,ElasticNet,0,2.785,2.8136092098153203
GDPa1-073,HIC,Embeddings,ElasticNet,0,2.79,2.815091164718198
GDPa1-076,HIC,Embeddings,ElasticNet,0,3.68,2.88216702730511
GDPa1-079,HIC,Embeddings,ElasticNet,0,2.585,2.703154878830106
GDPa1-083,HIC,Embeddings,ElasticNet,0,2.77,2.9161928527885093
GDPa1-087,HIC,Embeddings,ElasticNet,0,3.05,2.8946826652129976
GDPa1-092,HIC,Embeddings,ElasticNet,0,2.975,2.8693473062114982
GDPa1-097,HIC,Embeddings,ElasticNet,0,3.395,2.8405740815641756
GDPa1-111,HIC,Embeddings,ElasticNet,0,2.76,2.858801157492037
GDPa1-120,HIC,Embeddings,ElasticNet,0,2.615,2.760808998597279
GDPa1-131,HIC,Embeddings,ElasticNet,0,2.6900000000000004,2.7450928319358012
GDPa1-138,HIC,Embeddings,ElasticNet,0,2.675,2.754825526568939
GDPa1-142,HIC,Embeddings,ElasticNet,0,2.81,2.907033038724485
GDPa1-146,HIC,Embeddings,ElasticNet,0,2.75,2.8940151895437904
GDPa1-154,HIC,Embeddings,ElasticNet,0,2.8600000000000003,2.83787557684302
GDPa1-159,HIC,Embeddings,ElasticNet,0,2.64,2.8210617957965547
GDPa1-161,HIC,Embeddings,ElasticNet,0,2.76,2.8123328252442246
GDPa1-172,HIC,Embeddings,ElasticNet,0,2.56,2.7080318300507664
GDPa1-175,HIC,Embeddings,ElasticNet,0,2.815,2.7541775565446858
GDPa1-177,HIC,Embeddings,ElasticNet,0,2.565,2.716318237561153
GDPa1-179,HIC,Embeddings,ElasticNet,0,2.4800000000000004,2.7235199356236075
GDPa1-181,HIC,Embeddings,ElasticNet,0,2.6100000000000003,2.7323714382475313
GDPa1-182,HIC,Embeddings,ElasticNet,0,3.055,2.7821421021904342
GDPa1-187,HIC,Embeddings,ElasticNet,0,2.635,2.771014790875904
GDPa1-188,HIC,Embeddings,ElasticNet,0,3.365,2.8575236912691526
GDPa1-196,HIC,Embeddings,ElasticNet,0,2.565,2.8857662095829366
GDPa1-197,HIC,Embeddings,ElasticNet,0,2.9850000000000003,2.8069267327297625
GDPa1-200,HIC,Embeddings,ElasticNet,0,2.495,2.718879185969228
GDPa1-209,HIC,Embeddings,ElasticNet,0,3.06,2.8295650594313018
GDPa1-222,HIC,Embeddings,ElasticNet,0,2.885,2.7899605298280155
GDPa1-225,HIC,Embeddings,ElasticNet,0,2.625,2.8576385829614654
GDPa1-230,HIC,Embeddings,ElasticNet,0,2.675,2.758091934104746
GDPa1-238,HIC,Embeddings,ElasticNet,0,2.585,2.8286843738766
GDPa1-242,HIC,Embeddings,ElasticNet,0,2.495,2.8911876093313555
GDPa1-244,HIC,Embeddings,ElasticNet,0,2.59,2.7608605785829554
GDPa1-016,HIC,Embeddings,ElasticNet,1,2.46,2.714126386879356
GDPa1-019,HIC,Embeddings,ElasticNet,1,2.79,2.808930781122911
GDPa1-021,HIC,Embeddings,ElasticNet,1,2.7350000000000003,2.758427580704227
GDPa1-022,HIC,Embeddings,ElasticNet,1,2.72,2.827265468706645
GDPa1-036,HIC,Embeddings,ElasticNet,1,2.565,2.7713483549234565
GDPa1-039,HIC,Embeddings,ElasticNet,1,3.1,2.856627118150577
GDPa1-041,HIC,Embeddings,ElasticNet,1,2.7300000000000004,2.7003333225698767
GDPa1-044,HIC,Embeddings,ElasticNet,1,2.815,2.9332662446591047
GDPa1-054,HIC,Embeddings,ElasticNet,1,2.58,2.7737427899929052
GDPa1-061,HIC,Embeddings,ElasticNet,1,2.96,2.832244135886271
GDPa1-070,HIC,Embeddings,ElasticNet,1,2.845,2.7855530835125197
GDPa1-074,HIC,Embeddings,ElasticNet,1,3.5700000000000003,2.908152665232076
GDPa1-075,HIC,Embeddings,ElasticNet,1,2.545,2.811044139620826
GDPa1-080,HIC,Embeddings,ElasticNet,1,2.6900000000000004,2.98692396992938
GDPa1-082,HIC,Embeddings,ElasticNet,1,2.66,2.9123801573497246
GDPa1-096,HIC,Embeddings,ElasticNet,1,2.54,2.756463962772807
GDPa1-098,HIC,Embeddings,ElasticNet,1,2.4800000000000004,2.633777769296291
GDPa1-101,HIC,Embeddings,ElasticNet,1,3.8,2.9546448734007726
GDPa1-107,HIC,Embeddings,ElasticNet,1,2.795,2.690967479233419
GDPa1-115,HIC,Embeddings,ElasticNet,1,2.975,2.8311991654694357
GDPa1-119,HIC,Embeddings,ElasticNet,1,2.575,2.9029072606903976
GDPa1-126,HIC,Embeddings,ElasticNet,1,3.055,2.7209144222401136
GDPa1-129,HIC,Embeddings,ElasticNet,1,2.555,2.6787016544407374
GDPa1-130,HIC,Embeddings,ElasticNet,1,2.9850000000000003,2.8311991654694357
GDPa1-134,HIC,Embeddings,ElasticNet,1,2.6900000000000004,2.754088695419351
GDPa1-141,HIC,Embeddings,ElasticNet,1,2.705,2.8024035049032525
GDPa1-149,HIC,Embeddings,ElasticNet,1,2.73,2.873730967754112
GDPa1-152,HIC,Embeddings,ElasticNet,1,2.82,2.640930426319737
GDPa1-158,HIC,Embeddings,ElasticNet,1,2.84,2.7718421810260474
GDPa1-164,HIC,Embeddings,ElasticNet,1,2.9,2.790527403343697
GDPa1-165,HIC,Embeddings,ElasticNet,1,2.505,2.710938687541244
GDPa1-169,HIC,Embeddings,ElasticNet,1,3.2,2.7681577105011708
GDPa1-170,HIC,Embeddings,ElasticNet,1,2.605,2.7741785113397683
GDPa1-171,HIC,Embeddings,ElasticNet,1,2.74,2.8333568092751302
GDPa1-176,HIC,Embeddings,ElasticNet,1,2.54,2.8845601139690626
GDPa1-185,HIC,Embeddings,ElasticNet,1,2.515,2.794301619093813
GDPa1-190,HIC,Embeddings,ElasticNet,1,2.845,2.837655648158259
GDPa1-191,HIC,Embeddings,ElasticNet,1,3.33,2.922722178907039
GDPa1-193,HIC,Embeddings,ElasticNet,1,2.8600000000000003,2.7155099352009455
GDPa1-199,HIC,Embeddings,ElasticNet,1,2.575,2.8948747422598538
GDPa1-201,HIC,Embeddings,ElasticNet,1,2.5700000000000003,2.8667149472016313
GDPa1-203,HIC,Embeddings,ElasticNet,1,2.745,2.8849332980545763
GDPa1-211,HIC,Embeddings,ElasticNet,1,2.53,2.8286629323220147
GDPa1-215,HIC,Embeddings,ElasticNet,1,3.06,2.7969853874625876
GDPa1-219,HIC,Embeddings,ElasticNet,1,2.465,2.6846755983577464
GDPa1-223,HIC,Embeddings,ElasticNet,1,3.1,2.7675515140203224
GDPa1-237,HIC,Embeddings,ElasticNet,1,2.58,2.8619521295315264
GDPa1-241,HIC,Embeddings,ElasticNet,1,3.16,2.8806533660795597
GDPa1-001,HIC,Embeddings,ElasticNet,2,2.59,2.691342310501795
GDPa1-003,HIC,Embeddings,ElasticNet,2,2.705,2.7729655263431945
GDPa1-008,HIC,Embeddings,ElasticNet,2,2.535,2.7759813893143974
GDPa1-009,HIC,Embeddings,ElasticNet,2,2.67,2.7784424817719717
GDPa1-017,HIC,Embeddings,ElasticNet,2,2.635,2.832424527981124
GDPa1-018,HIC,Embeddings,ElasticNet,2,3.085,2.7578194019064495
GDPa1-027,HIC,Embeddings,ElasticNet,2,2.6,2.7373852665489453
GDPa1-033,HIC,Embeddings,ElasticNet,2,2.5,2.855338426837347
GDPa1-048,HIC,Embeddings,ElasticNet,2,2.51,2.928536380415153
GDPa1-056,HIC,Embeddings,ElasticNet,2,2.67,2.8400855171293276
GDPa1-064,HIC,Embeddings,ElasticNet,2,2.63,2.8246973198337804
GDPa1-067,HIC,Embeddings,ElasticNet,2,3.4400000000000004,2.8565954587502813
GDPa1-078,HIC,Embeddings,ElasticNet,2,2.4850000000000003,2.765036565664952
GDPa1-086,HIC,Embeddings,ElasticNet,2,2.99,2.8814198486105616
GDPa1-088,HIC,Embeddings,ElasticNet,2,2.555,2.8025597379977727
GDPa1-091,HIC,Embeddings,ElasticNet,2,2.5700000000000003,2.791013826586665
GDPa1-095,HIC,Embeddings,ElasticNet,2,2.465,2.847883307297876
GDPa1-099,HIC,Embeddings,ElasticNet,2,2.545,2.7562867532610076
GDPa1-102,HIC,Embeddings,ElasticNet,2,3.175,2.81983666322765
GDPa1-106,HIC,Embeddings,ElasticNet,2,3.28,2.9196568601611834
GDPa1-112,HIC,Embeddings,ElasticNet,2,2.63,2.8003678426686713
GDPa1-113,HIC,Embeddings,ElasticNet,2,3.22,2.8445531993548583
GDPa1-114,HIC,Embeddings,ElasticNet,2,3.185,2.7681583017596694
GDPa1-121,HIC,Embeddings,ElasticNet,2,2.5,2.7853720174848964
GDPa1-122,HIC,Embeddings,ElasticNet,2,3.4850000000000003,2.818204693644132
GDPa1-128,HIC,Embeddings,ElasticNet,2,2.515,2.9368712635189347
GDPa1-133,HIC,Embeddings,ElasticNet,2,2.715,2.6902321201692825
GDPa1-135,HIC,Embeddings,ElasticNet,2,2.925,2.907725977938256
GDPa1-148,HIC,Embeddings,ElasticNet,2,2.755,2.930292716629543
GDPa1-155,HIC,Embeddings,ElasticNet,2,2.7350000000000003,2.8674617868582652
GDPa1-160,HIC,Embeddings,ElasticNet,2,2.535,2.7646532625930154
GDPa1-162,HIC,Embeddings,ElasticNet,2,2.605,2.912572232149391
GDPa1-184,HIC,Embeddings,ElasticNet,2,2.91,2.8354245964891236
GDPa1-186,HIC,Embeddings,ElasticNet,2,2.675,2.8084408420255786
GDPa1-189,HIC,Embeddings,ElasticNet,2,3.155,2.8521418456310825
GDPa1-194,HIC,Embeddings,ElasticNet,2,3.05,2.861624218145221
GDPa1-195,HIC,Embeddings,ElasticNet,2,2.67,2.769109723821521
GDPa1-202,HIC,Embeddings,ElasticNet,2,3.115,2.909183995963152
GDPa1-210,HIC,Embeddings,ElasticNet,2,3.18,2.9322430760096134
GDPa1-214,HIC,Embeddings,ElasticNet,2,3.025,2.908158284961847
GDPa1-220,HIC,Embeddings,ElasticNet,2,2.575,2.7985531197208164
GDPa1-224,HIC,Embeddings,ElasticNet,2,3.085,2.833889656670852
GDPa1-228,HIC,Embeddings,ElasticNet,2,2.5,2.745083440278048
GDPa1-229,HIC,Embeddings,ElasticNet,2,2.87,2.910215373956936
GDPa1-231,HIC,Embeddings,ElasticNet,2,2.9800000000000004,2.8819551197378104
GDPa1-232,HIC,Embeddings,ElasticNet,2,3.0700000000000003,2.8200601061607076
GDPa1-233,HIC,Embeddings,ElasticNet,2,3.14,2.8627807278917907
GDPa1-234,HIC,Embeddings,ElasticNet,2,3.105,2.9951180967043114
GDPa1-007,HIC,Embeddings,ElasticNet,3,2.45,2.708750957556959
GDPa1-010,HIC,Embeddings,ElasticNet,3,3.155,2.8411142797644398
GDPa1-012,HIC,Embeddings,ElasticNet,3,2.4800000000000004,2.8248273877168852
GDPa1-024,HIC,Embeddings,ElasticNet,3,2.4450000000000003,2.8303766194864104
GDPa1-037,HIC,Embeddings,ElasticNet,3,2.72,2.814645245076289
GDPa1-038,HIC,Embeddings,ElasticNet,3,2.66,2.7711615842323596
GDPa1-040,HIC,Embeddings,ElasticNet,3,3.13,2.8169434652375687
GDPa1-043,HIC,Embeddings,ElasticNet,3,3.4,2.8037765480072103
GDPa1-055,HIC,Embeddings,ElasticNet,3,2.7300000000000004,2.8499640696486868
GDPa1-058,HIC,Embeddings,ElasticNet,3,2.535,2.8128039989841453
GDPa1-077,HIC,Embeddings,ElasticNet,3,2.825,3.0004430991562234
GDPa1-081,HIC,Embeddings,ElasticNet,3,2.8600000000000003,2.9755394518568345
GDPa1-090,HIC,Embeddings,ElasticNet,3,3.0700000000000003,2.8968873279677037
GDPa1-094,HIC,Embeddings,ElasticNet,3,2.585,2.808407620194025
GDPa1-100,HIC,Embeddings,ElasticNet,3,2.525,2.7718526253512694
GDPa1-104,HIC,Embeddings,ElasticNet,3,3.17,2.781741373399284
GDPa1-108,HIC,Embeddings,ElasticNet,3,2.635,2.8815258407834774
GDPa1-109,HIC,Embeddings,ElasticNet,3,2.94,2.6692480383889343
GDPa1-116,HIC,Embeddings,ElasticNet,3,2.46,2.7042879041732717
GDPa1-123,HIC,Embeddings,ElasticNet,3,2.435,2.8040546772629464
GDPa1-125,HIC,Embeddings,ElasticNet,3,3.725,2.965764403772496
GDPa1-127,HIC,Embeddings,ElasticNet,3,4.5,2.8389691145807587
GDPa1-136,HIC,Embeddings,ElasticNet,3,2.5700000000000003,2.8064644615913004
GDPa1-144,HIC,Embeddings,ElasticNet,3,2.6950000000000003,2.9034751353273984
GDPa1-147,HIC,Embeddings,ElasticNet,3,3.01,2.930841603417969
GDPa1-156,HIC,Embeddings,ElasticNet,3,2.93,2.924120548154105
GDPa1-163,HIC,Embeddings,ElasticNet,3,2.52,2.8873032813722923
GDPa1-166,HIC,Embeddings,ElasticNet,3,3.08,2.7586245616729195
GDPa1-168,HIC,Embeddings,ElasticNet,3,2.5700000000000003,2.8281438937199233
GDPa1-173,HIC,Embeddings,ElasticNet,3,2.845,2.8441700211776717
GDPa1-192,HIC,Embeddings,ElasticNet,3,2.6500000000000004,2.819816079182375
GDPa1-198,HIC,Embeddings,ElasticNet,3,2.62,2.8679324221317724
GDPa1-204,HIC,Embeddings,ElasticNet,3,2.875,2.8533850311185547
GDPa1-206,HIC,Embeddings,ElasticNet,3,2.6100000000000003,2.8579661065550415
GDPa1-207,HIC,Embeddings,ElasticNet,3,3.165,2.9486229567472613
GDPa1-212,HIC,Embeddings,ElasticNet,3,2.62,2.834472926495907
GDPa1-213,HIC,Embeddings,ElasticNet,3,2.635,2.7827241145895827
GDPa1-217,HIC,Embeddings,ElasticNet,3,2.9850000000000003,2.8848192727672197
GDPa1-221,HIC,Embeddings,ElasticNet,3,2.78,2.958797580049859
GDPa1-226,HIC,Embeddings,ElasticNet,3,2.545,2.7750364769892557
GDPa1-235,HIC,Embeddings,ElasticNet,3,2.45,2.731107117761901
GDPa1-236,HIC,Embeddings,ElasticNet,3,3.035,2.95725709654316
GDPa1-239,HIC,Embeddings,ElasticNet,3,2.775,2.790169551679729
GDPa1-245,HIC,Embeddings,ElasticNet,3,2.66,2.8377281174956948
GDPa1-011,HIC,Embeddings,ElasticNet,4,2.81,2.795769517769
GDPa1-015,HIC,Embeddings,ElasticNet,4,3.115,2.7178578010691736
GDPa1-020,HIC,Embeddings,ElasticNet,4,2.91,2.7174056137275273
GDPa1-025,HIC,Embeddings,ElasticNet,4,2.83,2.8004436937514643
GDPa1-030,HIC,Embeddings,ElasticNet,4,4.5,2.861606779919914
GDPa1-031,HIC,Embeddings,ElasticNet,4,3.025,2.967445688288158
GDPa1-032,HIC,Embeddings,ElasticNet,4,2.58,2.7110874149926896
GDPa1-034,HIC,Embeddings,ElasticNet,4,2.87,2.939512740551467
GDPa1-035,HIC,Embeddings,ElasticNet,4,2.62,2.9223643373120733
GDPa1-045,HIC,Embeddings,ElasticNet,4,3.265,2.9207444530360114
GDPa1-047,HIC,Embeddings,ElasticNet,4,2.465,2.775865132982131
GDPa1-049,HIC,Embeddings,ElasticNet,4,2.865,2.768661127027707
GDPa1-050,HIC,Embeddings,ElasticNet,4,2.89,2.8357420133461493
GDPa1-052,HIC,Embeddings,ElasticNet,4,2.59,2.839222940943975
GDPa1-057,HIC,Embeddings,ElasticNet,4,2.43,2.800385673760197
GDPa1-059,HIC,Embeddings,ElasticNet,4,2.745,2.7614198727319796
GDPa1-063,HIC,Embeddings,ElasticNet,4,2.915,2.758399531251102
GDPa1-068,HIC,Embeddings,ElasticNet,4,2.615,2.910985525011995
GDPa1-071,HIC,Embeddings,ElasticNet,4,2.795,2.8019104646934876
GDPa1-084,HIC,Embeddings,ElasticNet,4,3.305,2.7312136732453034
GDPa1-085,HIC,Embeddings,ElasticNet,4,2.62,2.755390429530515
GDPa1-089,HIC,Embeddings,ElasticNet,4,3.585,2.7951297740418117
GDPa1-093,HIC,Embeddings,ElasticNet,4,3.4000000000000004,2.9390748296206892
GDPa1-103,HIC,Embeddings,ElasticNet,4,3.17,2.814312191576227
GDPa1-105,HIC,Embeddings,ElasticNet,4,3.01,2.853914161515597
GDPa1-117,HIC,Embeddings,ElasticNet,4,3.08,2.8195169400741
GDPa1-118,HIC,Embeddings,ElasticNet,4,2.615,2.8099172676737836
GDPa1-124,HIC,Embeddings,ElasticNet,4,2.5,2.7955436591653626
GDPa1-132,HIC,Embeddings,ElasticNet,4,2.96,2.791264158415271
GDPa1-137,HIC,Embeddings,ElasticNet,4,2.49,2.801800673937973
GDPa1-139,HIC,Embeddings,ElasticNet,4,2.6500000000000004,2.7597220866683165
GDPa1-140,HIC,Embeddings,ElasticNet,4,2.7350000000000003,2.7070252402223756
GDPa1-143,HIC,Embeddings,ElasticNet,4,2.45,2.855417891864298
GDPa1-145,HIC,Embeddings,ElasticNet,4,2.47,2.736818277873349
GDPa1-151,HIC,Embeddings,ElasticNet,4,2.805,2.788643724459899
GDPa1-153,HIC,Embeddings,ElasticNet,4,2.9450000000000003,2.798648789766575
GDPa1-157,HIC,Embeddings,ElasticNet,4,2.955,2.769500449286167
GDPa1-167,HIC,Embeddings,ElasticNet,4,2.8200000000000003,2.720147483331469
GDPa1-178,HIC,Embeddings,ElasticNet,4,2.55,2.8022638138713067
GDPa1-180,HIC,Embeddings,ElasticNet,4,2.9000000000000004,2.849855619779206
GDPa1-183,HIC,Embeddings,ElasticNet,4,2.835,2.8711267257070596
GDPa1-205,HIC,Embeddings,ElasticNet,4,2.84,2.722449366849755
GDPa1-208,HIC,Embeddings,ElasticNet,4,2.965,2.9074668123432943
GDPa1-216,HIC,Embeddings,ElasticNet,4,2.46,2.7424655941589147
GDPa1-218,HIC,Embeddings,ElasticNet,4,2.685,2.7266191541144362
GDPa1-227,HIC,Embeddings,ElasticNet,4,2.665,2.8540378180993224
GDPa1-240,HIC,Embeddings,ElasticNet,4,3.095,2.891646038894502
GDPa1-243,HIC,Embeddings,ElasticNet,4,4.5,2.716240027792327
GDPa1-246,HIC,Embeddings,ElasticNet,4,2.53,2.7796779954722552
GDPa1-002,HIC,Global,ElasticNet,0,2.545,2.839832499052928
GDPa1-004,HIC,Global,ElasticNet,0,2.565,2.791479655753753
GDPa1-005,HIC,Global,ElasticNet,0,2.495,2.9244356890174688
GDPa1-006,HIC,Global,ElasticNet,0,2.46,2.819350146472777
GDPa1-013,HIC,Global,ElasticNet,0,2.7350000000000003,2.9119361933980232
GDPa1-014,HIC,Global,ElasticNet,0,3.755,2.8788739287194964
GDPa1-023,HIC,Global,ElasticNet,0,3.1950000000000003,2.962485306084494
GDPa1-026,HIC,Global,ElasticNet,0,2.83,2.933107034403793
GDPa1-029,HIC,Global,ElasticNet,0,2.76,2.7423327763898597
GDPa1-042,HIC,Global,ElasticNet,0,3.18,2.9344929226878937
GDPa1-046,HIC,Global,ElasticNet,0,2.685,2.898540059345643
GDPa1-051,HIC,Global,ElasticNet,0,2.4450000000000003,2.8470660712900755
GDPa1-053,HIC,Global,ElasticNet,0,2.48,2.8070985213269024
GDPa1-060,HIC,Global,ElasticNet,0,2.71,2.792867349534249
GDPa1-062,HIC,Global,ElasticNet,0,2.79,2.909767600660239
GDPa1-065,HIC,Global,ElasticNet,0,2.865,2.907490037616711
GDPa1-066,HIC,Global,ElasticNet,0,2.505,2.8803041688222164
GDPa1-069,HIC,Global,ElasticNet,0,2.915,2.9072510697840444
GDPa1-072,HIC,Global,ElasticNet,0,2.785,2.7147081288492365
GDPa1-073,HIC,Global,ElasticNet,0,2.79,2.920451548066345
GDPa1-076,HIC,Global,ElasticNet,0,3.68,2.801222172563403
GDPa1-079,HIC,Global,ElasticNet,0,2.585,2.825880113092794
GDPa1-083,HIC,Global,ElasticNet,0,2.77,2.8297645933115656
GDPa1-087,HIC,Global,ElasticNet,0,3.05,2.91157300433175
GDPa1-092,HIC,Global,ElasticNet,0,2.975,2.8500954104331564
GDPa1-097,HIC,Global,ElasticNet,0,3.395,2.803229217333282
GDPa1-111,HIC,Global,ElasticNet,0,2.76,2.8484050270622148
GDPa1-120,HIC,Global,ElasticNet,0,2.615,2.8516777825618154
GDPa1-131,HIC,Global,ElasticNet,0,2.6900000000000004,2.82979554023466
GDPa1-138,HIC,Global,ElasticNet,0,2.675,2.7148853269977717
GDPa1-142,HIC,Global,ElasticNet,0,2.81,2.9199104145611456
GDPa1-146,HIC,Global,ElasticNet,0,2.75,2.8735322015063804
GDPa1-154,HIC,Global,ElasticNet,0,2.8600000000000003,2.918504494229087
GDPa1-159,HIC,Global,ElasticNet,0,2.64,2.8445762758058533
GDPa1-161,HIC,Global,ElasticNet,0,2.76,2.8650916150789274
GDPa1-172,HIC,Global,ElasticNet,0,2.56,2.928778588835753
GDPa1-175,HIC,Global,ElasticNet,0,2.815,2.8560277740302875
GDPa1-177,HIC,Global,ElasticNet,0,2.565,2.8662459402465728
GDPa1-179,HIC,Global,ElasticNet,0,2.4800000000000004,2.8307928672492833
GDPa1-181,HIC,Global,ElasticNet,0,2.6100000000000003,2.792827308434295
GDPa1-182,HIC,Global,ElasticNet,0,3.055,2.9200068882406747
GDPa1-187,HIC,Global,ElasticNet,0,2.635,2.827135188538382
GDPa1-188,HIC,Global,ElasticNet,0,3.365,2.997846399377072
GDPa1-196,HIC,Global,ElasticNet,0,2.565,2.880763850500467
GDPa1-197,HIC,Global,ElasticNet,0,2.9850000000000003,2.892282773260776
GDPa1-200,HIC,Global,ElasticNet,0,2.495,2.8098341733290324
GDPa1-209,HIC,Global,ElasticNet,0,3.06,2.851124624795017
GDPa1-222,HIC,Global,ElasticNet,0,2.885,2.8225236570411414
GDPa1-225,HIC,Global,ElasticNet,0,2.625,2.8399666215324824
GDPa1-230,HIC,Global,ElasticNet,0,2.675,2.8682456026479963
GDPa1-238,HIC,Global,ElasticNet,0,2.585,2.8800514483239077
GDPa1-242,HIC,Global,ElasticNet,0,2.495,2.8734039615867437
GDPa1-244,HIC,Global,ElasticNet,0,2.59,2.911469454085613
GDPa1-016,HIC,Global,ElasticNet,1,2.46,2.768658362399363
GDPa1-019,HIC,Global,ElasticNet,1,2.79,2.758520817482691
GDPa1-021,HIC,Global,ElasticNet,1,2.7350000000000003,2.762335832852441
GDPa1-022,HIC,Global,ElasticNet,1,2.72,2.7628686230305415
GDPa1-036,HIC,Global,ElasticNet,1,2.565,2.784146772092541
GDPa1-039,HIC,Global,ElasticNet,1,3.1,2.892871960512571
GDPa1-041,HIC,Global,ElasticNet,1,2.7300000000000004,2.830357978088918
GDPa1-044,HIC,Global,ElasticNet,1,2.815,2.8082240892062855
GDPa1-054,HIC,Global,ElasticNet,1,2.58,2.757274896678028
GDPa1-061,HIC,Global,ElasticNet,1,2.96,2.853492876277631
GDPa1-070,HIC,Global,ElasticNet,1,2.845,2.758386871588691
GDPa1-074,HIC,Global,ElasticNet,1,3.5700000000000003,2.8232129336945184
GDPa1-075,HIC,Global,ElasticNet,1,2.545,2.7926539556009846
GDPa1-080,HIC,Global,ElasticNet,1,2.6900000000000004,2.8424553487187065
GDPa1-082,HIC,Global,ElasticNet,1,2.66,2.820802032840485
GDPa1-096,HIC,Global,ElasticNet,1,2.54,2.84076818819708
GDPa1-098,HIC,Global,ElasticNet,1,2.4800000000000004,2.7246169688274344
GDPa1-101,HIC,Global,ElasticNet,1,3.8,2.8408577315084544
GDPa1-107,HIC,Global,ElasticNet,1,2.795,2.755454277647357
GDPa1-115,HIC,Global,ElasticNet,1,2.975,2.810751830932742
GDPa1-119,HIC,Global,ElasticNet,1,2.575,2.826407145065676
GDPa1-126,HIC,Global,ElasticNet,1,3.055,2.784159196686594
GDPa1-129,HIC,Global,ElasticNet,1,2.555,2.848563059427103
GDPa1-130,HIC,Global,ElasticNet,1,2.9850000000000003,2.810751830932742
GDPa1-134,HIC,Global,ElasticNet,1,2.6900000000000004,2.780490565683702
GDPa1-141,HIC,Global,ElasticNet,1,2.705,2.868966641916042
GDPa1-149,HIC,Global,ElasticNet,1,2.73,2.7287722985134484
GDPa1-152,HIC,Global,ElasticNet,1,2.82,2.743368938021126
GDPa1-158,HIC,Global,ElasticNet,1,2.84,2.889565170039984
GDPa1-164,HIC,Global,ElasticNet,1,2.9,2.7976562975132158
GDPa1-165,HIC,Global,ElasticNet,1,2.505,2.789616825683897
GDPa1-169,HIC,Global,ElasticNet,1,3.2,2.7306450506747355
GDPa1-170,HIC,Global,ElasticNet,1,2.605,2.7513073293322816
GDPa1-171,HIC,Global,ElasticNet,1,2.74,2.842240170294206
GDPa1-176,HIC,Global,ElasticNet,1,2.54,2.8471146315319653
GDPa1-185,HIC,Global,ElasticNet,1,2.515,2.8152578278451066
GDPa1-190,HIC,Global,ElasticNet,1,2.845,2.8376350339687293
GDPa1-191,HIC,Global,ElasticNet,1,3.33,2.859529716483231
GDPa1-193,HIC,Global,ElasticNet,1,2.8600000000000003,2.788761887840478
GDPa1-199,HIC,Global,ElasticNet,1,2.575,2.858918626298492
GDPa1-201,HIC,Global,ElasticNet,1,2.5700000000000003,2.7945378274824106
GDPa1-203,HIC,Global,ElasticNet,1,2.745,2.8150020188986415
GDPa1-211,HIC,Global,ElasticNet,1,2.53,2.7998391879851288
GDPa1-215,HIC,Global,ElasticNet,1,3.06,2.813163235045451
GDPa1-219,HIC,Global,ElasticNet,1,2.465,2.6969616749650274
GDPa1-223,HIC,Global,ElasticNet,1,3.1,2.8465945288434065
GDPa1-237,HIC,Global,ElasticNet,1,2.58,2.821475060093512
GDPa1-241,HIC,Global,ElasticNet,1,3.16,2.7936121050589193
GDPa1-001,HIC,Global,ElasticNet,2,2.59,2.848290014522626
GDPa1-003,HIC,Global,ElasticNet,2,2.705,2.80093213222476
GDPa1-008,HIC,Global,ElasticNet,2,2.535,2.7829161022126065
GDPa1-009,HIC,Global,ElasticNet,2,2.67,2.716716360118062
GDPa1-017,HIC,Global,ElasticNet,2,2.635,2.831505051614661
GDPa1-018,HIC,Global,ElasticNet,2,3.085,2.7785026054286597
GDPa1-027,HIC,Global,ElasticNet,2,2.6,2.716423969390454
GDPa1-033,HIC,Global,ElasticNet,2,2.5,2.810887054251996
GDPa1-048,HIC,Global,ElasticNet,2,2.51,2.8058570828313827
GDPa1-056,HIC,Global,ElasticNet,2,2.67,2.8607281177745945
GDPa1-064,HIC,Global,ElasticNet,2,2.63,2.888198180573435
GDPa1-067,HIC,Global,ElasticNet,2,3.4400000000000004,2.8686676358735252
GDPa1-078,HIC,Global,ElasticNet,2,2.4850000000000003,2.77106134223903
GDPa1-086,HIC,Global,ElasticNet,2,2.99,2.846356325604651
GDPa1-088,HIC,Global,ElasticNet,2,2.555,2.897891452719003
GDPa1-091,HIC,Global,ElasticNet,2,2.5700000000000003,2.89208680358565
GDPa1-095,HIC,Global,ElasticNet,2,2.465,2.8494265417107507
GDPa1-099,HIC,Global,ElasticNet,2,2.545,2.8327369900544195
GDPa1-102,HIC,Global,ElasticNet,2,3.175,2.8921889876530766
GDPa1-106,HIC,Global,ElasticNet,2,3.28,2.918973413120142
GDPa1-112,HIC,Global,ElasticNet,2,2.63,2.8557502167183535
GDPa1-113,HIC,Global,ElasticNet,2,3.22,2.870314539230094
GDPa1-114,HIC,Global,ElasticNet,2,3.185,2.8233962763318425
GDPa1-121,HIC,Global,ElasticNet,2,2.5,2.809860319329399
GDPa1-122,HIC,Global,ElasticNet,2,3.4850000000000003,2.824309675119186
GDPa1-128,HIC,Global,ElasticNet,2,2.515,2.8058570828313827
GDPa1-133,HIC,Global,ElasticNet,2,2.715,2.78231722411412
GDPa1-135,HIC,Global,ElasticNet,2,2.925,2.824842488491474
GDPa1-148,HIC,Global,ElasticNet,2,2.755,2.8598243935994234
GDPa1-155,HIC,Global,ElasticNet,2,2.7350000000000003,2.86729612098334
GDPa1-160,HIC,Global,ElasticNet,2,2.535,2.798506254567997
GDPa1-162,HIC,Global,ElasticNet,2,2.605,2.8221906337234057
GDPa1-184,HIC,Global,ElasticNet,2,2.91,2.916121801140145
GDPa1-186,HIC,Global,ElasticNet,2,2.675,2.8259654117194626
GDPa1-189,HIC,Global,ElasticNet,2,3.155,2.8420356743637645
GDPa1-194,HIC,Global,ElasticNet,2,3.05,2.825229481613114
GDPa1-195,HIC,Global,ElasticNet,2,2.67,2.851476482035986
GDPa1-202,HIC,Global,ElasticNet,2,3.115,2.975054732633237
GDPa1-210,HIC,Global,ElasticNet,2,3.18,2.9457309189785237
GDPa1-214,HIC,Global,ElasticNet,2,3.025,2.903764712043229
GDPa1-220,HIC,Global,ElasticNet,2,2.575,2.848284185866058
GDPa1-224,HIC,Global,ElasticNet,2,3.085,2.7960095721715192
GDPa1-228,HIC,Global,ElasticNet,2,2.5,2.824794418176558
GDPa1-229,HIC,Global,ElasticNet,2,2.87,2.8350541168646335
GDPa1-231,HIC,Global,ElasticNet,2,2.9800000000000004,2.9072932625696373
GDPa1-232,HIC,Global,ElasticNet,2,3.0700000000000003,2.8945885336580033
GDPa1-233,HIC,Global,ElasticNet,2,3.14,2.825166413237893
GDPa1-234,HIC,Global,ElasticNet,2,3.105,2.9043448611007117
GDPa1-007,HIC,Global,ElasticNet,3,2.45,2.7660178131208153
GDPa1-010,HIC,Global,ElasticNet,3,3.155,2.80700027678305
GDPa1-012,HIC,Global,ElasticNet,3,2.4800000000000004,2.834461386805455
GDPa1-024,HIC,Global,ElasticNet,3,2.4450000000000003,2.850960812266368
GDPa1-037,HIC,Global,ElasticNet,3,2.72,2.8116194078725925
GDPa1-038,HIC,Global,ElasticNet,3,2.66,2.851508462800379
GDPa1-040,HIC,Global,ElasticNet,3,3.13,2.7748714808111474
GDPa1-043,HIC,Global,ElasticNet,3,3.4,2.777783493677773
GDPa1-055,HIC,Global,ElasticNet,3,2.7300000000000004,2.8224485708223495
GDPa1-058,HIC,Global,ElasticNet,3,2.535,2.822006070497722
GDPa1-077,HIC,Global,ElasticNet,3,2.825,2.942645870549869
GDPa1-081,HIC,Global,ElasticNet,3,2.8600000000000003,2.8311547837058475
GDPa1-090,HIC,Global,ElasticNet,3,3.0700000000000003,2.826563828353409
GDPa1-094,HIC,Global,ElasticNet,3,2.585,2.764661851647751
GDPa1-100,HIC,Global,ElasticNet,3,2.525,2.8173604209371406
GDPa1-104,HIC,Global,ElasticNet,3,3.17,2.7775309735730707
GDPa1-108,HIC,Global,ElasticNet,3,2.635,2.8309821976575225
GDPa1-109,HIC,Global,ElasticNet,3,2.94,2.777831728340745
GDPa1-116,HIC,Global,ElasticNet,3,2.46,2.8278584371782034
GDPa1-123,HIC,Global,ElasticNet,3,2.435,2.856087106695935
GDPa1-125,HIC,Global,ElasticNet,3,3.725,2.884898838223167
GDPa1-127,HIC,Global,ElasticNet,3,4.5,2.829089165236432
GDPa1-136,HIC,Global,ElasticNet,3,2.5700000000000003,2.7465878367820946
GDPa1-144,HIC,Global,ElasticNet,3,2.6950000000000003,2.8471569920467514
GDPa1-147,HIC,Global,ElasticNet,3,3.01,2.812883916469355
GDPa1-156,HIC,Global,ElasticNet,3,2.93,2.8148153297197376
GDPa1-163,HIC,Global,ElasticNet,3,2.52,2.8411007300168314
GDPa1-166,HIC,Global,ElasticNet,3,3.08,2.7602464912422593
GDPa1-168,HIC,Global,ElasticNet,3,2.5700000000000003,2.825800277016288
GDPa1-173,HIC,Global,ElasticNet,3,2.845,2.8019785558088546
GDPa1-192,HIC,Global,ElasticNet,3,2.6500000000000004,2.7558700321301277
GDPa1-198,HIC,Global,ElasticNet,3,2.62,2.738668675997112
GDPa1-204,HIC,Global,ElasticNet,3,2.875,2.8824244921769213
GDPa1-206,HIC,Global,ElasticNet,3,2.6100000000000003,2.83639938186878
GDPa1-207,HIC,Global,ElasticNet,3,3.165,2.868848934435335
GDPa1-212,HIC,Global,ElasticNet,3,2.62,2.7305631680321256
GDPa1-213,HIC,Global,ElasticNet,3,2.635,2.813363970219602
GDPa1-217,HIC,Global,ElasticNet,3,2.9850000000000003,2.7832261718784848
GDPa1-221,HIC,Global,ElasticNet,3,2.78,2.864535473434923
GDPa1-226,HIC,Global,ElasticNet,3,2.545,2.7527518712651498
GDPa1-235,HIC,Global,ElasticNet,3,2.45,2.787511299193794
GDPa1-236,HIC,Global,ElasticNet,3,3.035,2.915680708327656
GDPa1-239,HIC,Global,ElasticNet,3,2.775,2.7720675099303946
GDPa1-245,HIC,Global,ElasticNet,3,2.66,2.7887294727645093
GDPa1-011,HIC,Global,ElasticNet,4,2.81,2.7318778741225866
GDPa1-015,HIC,Global,ElasticNet,4,3.115,2.694220683384903
GDPa1-020,HIC,Global,ElasticNet,4,2.91,2.6728022508669507
GDPa1-025,HIC,Global,ElasticNet,4,2.83,2.7320488438138413
GDPa1-030,HIC,Global,ElasticNet,4,4.5,2.7925699602260114
GDPa1-031,HIC,Global,ElasticNet,4,3.025,2.862866648737816
GDPa1-032,HIC,Global,ElasticNet,4,2.58,2.729487953662513
GDPa1-034,HIC,Global,ElasticNet,4,2.87,2.849060026716789
GDPa1-035,HIC,Global,ElasticNet,4,2.62,2.813043774587654
GDPa1-045,HIC,Global,ElasticNet,4,3.265,2.788721379489845
GDPa1-047,HIC,Global,ElasticNet,4,2.465,2.7441933700333987
GDPa1-049,HIC,Global,ElasticNet,4,2.865,2.820582628134472
GDPa1-050,HIC,Global,ElasticNet,4,2.89,2.75431764821036
GDPa1-052,HIC,Global,ElasticNet,4,2.59,2.8384386963922728
GDPa1-057,HIC,Global,ElasticNet,4,2.43,2.7558433981259705
GDPa1-059,HIC,Global,ElasticNet,4,2.745,2.7383439463760486
GDPa1-063,HIC,Global,ElasticNet,4,2.915,2.8290571773629742
GDPa1-068,HIC,Global,ElasticNet,4,2.615,2.721163874820778
GDPa1-071,HIC,Global,ElasticNet,4,2.795,2.675943843619732
GDPa1-084,HIC,Global,ElasticNet,4,3.305,2.7906723079061977
GDPa1-085,HIC,Global,ElasticNet,4,2.62,2.8075369860641985
GDPa1-089,HIC,Global,ElasticNet,4,3.585,2.9122317889341214
GDPa1-093,HIC,Global,ElasticNet,4,3.4000000000000004,2.773984496308072
GDPa1-103,HIC,Global,ElasticNet,4,3.17,2.799998467110602
GDPa1-105,HIC,Global,ElasticNet,4,3.01,2.8799598661752412
GDPa1-117,HIC,Global,ElasticNet,4,3.08,2.803000116508045
GDPa1-118,HIC,Global,ElasticNet,4,2.615,2.786698694095556
GDPa1-124,HIC,Global,ElasticNet,4,2.5,2.7419119221389474
GDPa1-132,HIC,Global,ElasticNet,4,2.96,2.756338174196435
GDPa1-137,HIC,Global,ElasticNet,4,2.49,2.7526454276605485
GDPa1-139,HIC,Global,ElasticNet,4,2.6500000000000004,2.896030510010538
GDPa1-140,HIC,Global,ElasticNet,4,2.7350000000000003,2.811162738542001
GDPa1-143,HIC,Global,ElasticNet,4,2.45,2.889603280497803
GDPa1-145,HIC,Global,ElasticNet,4,2.47,2.807593847599073
GDPa1-151,HIC,Global,ElasticNet,4,2.805,2.863816567081304
GDPa1-153,HIC,Global,ElasticNet,4,2.9450000000000003,2.8898277097817084
GDPa1-157,HIC,Global,ElasticNet,4,2.955,2.7264328253998955
GDPa1-167,HIC,Global,ElasticNet,4,2.8200000000000003,2.809726274034159
GDPa1-178,HIC,Global,ElasticNet,4,2.55,2.769080922124005
GDPa1-180,HIC,Global,ElasticNet,4,2.9000000000000004,2.7940134602213824
GDPa1-183,HIC,Global,ElasticNet,4,2.835,2.815751697227956
GDPa1-205,HIC,Global,ElasticNet,4,2.84,2.7861442452768315
GDPa1-208,HIC,Global,ElasticNet,4,2.965,2.843764360673973
GDPa1-216,HIC,Global,ElasticNet,4,2.46,2.82529152354056
GDPa1-218,HIC,Global,ElasticNet,4,2.685,2.7433452180271947
GDPa1-227,HIC,Global,ElasticNet,4,2.665,2.8230274471051904
GDPa1-240,HIC,Global,ElasticNet,4,3.095,2.80808854015734
GDPa1-243,HIC,Global,ElasticNet,4,4.5,2.774294204557843
GDPa1-246,HIC,Global,ElasticNet,4,2.53,2.775018368049734
GDPa1-002,HIC,Region,ElasticNet,0,2.545,2.7965397784475376
GDPa1-004,HIC,Region,ElasticNet,0,2.565,2.7523710334977123
GDPa1-005,HIC,Region,ElasticNet,0,2.495,2.857314772480233
GDPa1-006,HIC,Region,ElasticNet,0,2.46,2.898843721475626
GDPa1-013,HIC,Region,ElasticNet,0,2.7350000000000003,2.7686396056301197
GDPa1-014,HIC,Region,ElasticNet,0,3.755,2.784567818529104
GDPa1-023,HIC,Region,ElasticNet,0,3.1950000000000003,2.8560105407555256
GDPa1-026,HIC,Region,ElasticNet,0,2.83,2.8691575315255395
GDPa1-029,HIC,Region,ElasticNet,0,2.76,2.7853112922619956
GDPa1-042,HIC,Region,ElasticNet,0,3.18,2.8313445542273907
GDPa1-046,HIC,Region,ElasticNet,0,2.685,2.947339827596485
GDPa1-051,HIC,Region,ElasticNet,0,2.4450000000000003,2.8707333557520873
GDPa1-053,HIC,Region,ElasticNet,0,2.48,2.7731131988231033
GDPa1-060,HIC,Region,ElasticNet,0,2.71,2.7801645676096234
GDPa1-062,HIC,Region,ElasticNet,0,2.79,2.8997628349433113
GDPa1-065,HIC,Region,ElasticNet,0,2.865,2.820591199672191
GDPa1-066,HIC,Region,ElasticNet,0,2.505,2.778480692799589
GDPa1-069,HIC,Region,ElasticNet,0,2.915,2.7922595471539733
GDPa1-072,HIC,Region,ElasticNet,0,2.785,2.7107485083465654
GDPa1-073,HIC,Region,ElasticNet,0,2.79,2.8527681200891584
GDPa1-076,HIC,Region,ElasticNet,0,3.68,2.8843474128091633
GDPa1-079,HIC,Region,ElasticNet,0,2.585,2.8066226162494434
GDPa1-083,HIC,Region,ElasticNet,0,2.77,2.76881380963392
GDPa1-087,HIC,Region,ElasticNet,0,3.05,2.927220201747687
GDPa1-092,HIC,Region,ElasticNet,0,2.975,2.808097750919812
GDPa1-097,HIC,Region,ElasticNet,0,3.395,2.8454197720519323
GDPa1-111,HIC,Region,ElasticNet,0,2.76,2.8715205509927206
GDPa1-120,HIC,Region,ElasticNet,0,2.615,2.819321259393477
GDPa1-131,HIC,Region,ElasticNet,0,2.6900000000000004,2.6903964412732275
GDPa1-138,HIC,Region,ElasticNet,0,2.675,2.7537389432217343
GDPa1-142,HIC,Region,ElasticNet,0,2.81,2.88537253984579
GDPa1-146,HIC,Region,ElasticNet,0,2.75,2.8612095072131494
GDPa1-154,HIC,Region,ElasticNet,0,2.8600000000000003,2.857296046257315
GDPa1-159,HIC,Region,ElasticNet,0,2.64,2.8387202739806248
GDPa1-161,HIC,Region,ElasticNet,0,2.76,2.743222129677159
GDPa1-172,HIC,Region,ElasticNet,0,2.56,2.839825036772613
GDPa1-175,HIC,Region,ElasticNet,0,2.815,2.748795804328267
GDPa1-177,HIC,Region,ElasticNet,0,2.565,2.8331085048459004
GDPa1-179,HIC,Region,ElasticNet,0,2.4800000000000004,2.726787945881598
GDPa1-181,HIC,Region,ElasticNet,0,2.6100000000000003,2.7011856578294293
GDPa1-182,HIC,Region,ElasticNet,0,3.055,2.7663240498751778
GDPa1-187,HIC,Region,ElasticNet,0,2.635,2.8185666650799837
GDPa1-188,HIC,Region,ElasticNet,0,3.365,2.8637301250080855
GDPa1-196,HIC,Region,ElasticNet,0,2.565,2.847671148758392
GDPa1-197,HIC,Region,ElasticNet,0,2.9850000000000003,2.8578141451641628
GDPa1-200,HIC,Region,ElasticNet,0,2.495,2.7966292311558614
GDPa1-209,HIC,Region,ElasticNet,0,3.06,2.91673206216854
GDPa1-222,HIC,Region,ElasticNet,0,2.885,2.7517923126368222
GDPa1-225,HIC,Region,ElasticNet,0,2.625,2.797598564688541
GDPa1-230,HIC,Region,ElasticNet,0,2.675,2.8916743238272415
GDPa1-238,HIC,Region,ElasticNet,0,2.585,2.87458710886058
GDPa1-242,HIC,Region,ElasticNet,0,2.495,2.8401497147493
GDPa1-244,HIC,Region,ElasticNet,0,2.59,2.92710769749959
GDPa1-016,HIC,Region,ElasticNet,1,2.46,2.7563667620294097
GDPa1-019,HIC,Region,ElasticNet,1,2.79,2.7844990672403154
GDPa1-021,HIC,Region,ElasticNet,1,2.7350000000000003,2.7903425336074865
GDPa1-022,HIC,Region,ElasticNet,1,2.72,2.8060106444870336
GDPa1-036,HIC,Region,ElasticNet,1,2.565,2.7509731448791985
GDPa1-039,HIC,Region,ElasticNet,1,3.1,2.7757088587616883
GDPa1-041,HIC,Region,ElasticNet,1,2.7300000000000004,2.749075015294329
GDPa1-044,HIC,Region,ElasticNet,1,2.815,2.8227852088764998
GDPa1-054,HIC,Region,ElasticNet,1,2.58,2.793937926987119
GDPa1-061,HIC,Region,ElasticNet,1,2.96,2.8030436414386686
GDPa1-070,HIC,Region,ElasticNet,1,2.845,2.7699463292172544
GDPa1-074,HIC,Region,ElasticNet,1,3.5700000000000003,2.793127229948674
GDPa1-075,HIC,Region,ElasticNet,1,2.545,2.748304243403253
GDPa1-080,HIC,Region,ElasticNet,1,2.6900000000000004,2.7709528743163814
GDPa1-082,HIC,Region,ElasticNet,1,2.66,2.8845730687218354
GDPa1-096,HIC,Region,ElasticNet,1,2.54,2.805626572684538
GDPa1-098,HIC,Region,ElasticNet,1,2.4800000000000004,2.8716791523121574
GDPa1-101,HIC,Region,ElasticNet,1,3.8,2.911978197479405
GDPa1-107,HIC,Region,ElasticNet,1,2.795,2.783760124030662
GDPa1-115,HIC,Region,ElasticNet,1,2.975,2.8157299947816172
GDPa1-119,HIC,Region,ElasticNet,1,2.575,2.7959113257512462
GDPa1-126,HIC,Region,ElasticNet,1,3.055,2.8386339627248196
GDPa1-129,HIC,Region,ElasticNet,1,2.555,2.8223393869985083
GDPa1-130,HIC,Region,ElasticNet,1,2.9850000000000003,2.8157299947816172
GDPa1-134,HIC,Region,ElasticNet,1,2.6900000000000004,2.783768590754592
GDPa1-141,HIC,Region,ElasticNet,1,2.705,2.839055413755655
GDPa1-149,HIC,Region,ElasticNet,1,2.73,2.767288953103647
GDPa1-152,HIC,Region,ElasticNet,1,2.82,2.797574484590986
GDPa1-158,HIC,Region,ElasticNet,1,2.84,2.8236472399538703
GDPa1-164,HIC,Region,ElasticNet,1,2.9,2.7523716216807634
GDPa1-165,HIC,Region,ElasticNet,1,2.505,2.7619389889467256
GDPa1-169,HIC,Region,ElasticNet,1,3.2,2.765204651611063
GDPa1-170,HIC,Region,ElasticNet,1,2.605,2.8696195170845313
GDPa1-171,HIC,Region,ElasticNet,1,2.74,2.748833760005714
GDPa1-176,HIC,Region,ElasticNet,1,2.54,2.752596403734746
GDPa1-185,HIC,Region,ElasticNet,1,2.515,2.8251761235983075
GDPa1-190,HIC,Region,ElasticNet,1,2.845,2.815919367787092
GDPa1-191,HIC,Region,ElasticNet,1,3.33,2.920618676369981
GDPa1-193,HIC,Region,ElasticNet,1,2.8600000000000003,2.8054741123281244
GDPa1-199,HIC,Region,ElasticNet,1,2.575,2.7366456985560443
GDPa1-201,HIC,Region,ElasticNet,1,2.5700000000000003,2.84923290442935
GDPa1-203,HIC,Region,ElasticNet,1,2.745,2.7719665572275756
GDPa1-211,HIC,Region,ElasticNet,1,2.53,2.7781217481607277
GDPa1-215,HIC,Region,ElasticNet,1,3.06,2.8220046045485763
GDPa1-219,HIC,Region,ElasticNet,1,2.465,2.8120967841402305
GDPa1-223,HIC,Region,ElasticNet,1,3.1,2.849159795929789
GDPa1-237,HIC,Region,ElasticNet,1,2.58,2.815402511025581
GDPa1-241,HIC,Region,ElasticNet,1,3.16,2.842161336518846
GDPa1-001,HIC,Region,ElasticNet,2,2.59,2.791698379200493
GDPa1-003,HIC,Region,ElasticNet,2,2.705,2.81092718478674
GDPa1-008,HIC,Region,ElasticNet,2,2.535,2.7610215199619335
GDPa1-009,HIC,Region,ElasticNet,2,2.67,2.8307543131426702
GDPa1-017,HIC,Region,ElasticNet,2,2.635,2.68818097615448
GDPa1-018,HIC,Region,ElasticNet,2,3.085,2.836961027478773
GDPa1-027,HIC,Region,ElasticNet,2,2.6,2.7599761661467643
GDPa1-033,HIC,Region,ElasticNet,2,2.5,2.7990766289713163
GDPa1-048,HIC,Region,ElasticNet,2,2.51,2.687853450191482
GDPa1-056,HIC,Region,ElasticNet,2,2.67,2.7464095288451733
GDPa1-064,HIC,Region,ElasticNet,2,2.63,2.7538202192828076
GDPa1-067,HIC,Region,ElasticNet,2,3.4400000000000004,2.9347618399996085
GDPa1-078,HIC,Region,ElasticNet,2,2.4850000000000003,2.746125673010575
GDPa1-086,HIC,Region,ElasticNet,2,2.99,2.7465230711790127
GDPa1-088,HIC,Region,ElasticNet,2,2.555,2.888987307063253
GDPa1-091,HIC,Region,ElasticNet,2,2.5700000000000003,2.7930637008299875
GDPa1-095,HIC,Region,ElasticNet,2,2.465,2.7855117761077324
GDPa1-099,HIC,Region,ElasticNet,2,2.545,2.832215943001761
GDPa1-102,HIC,Region,ElasticNet,2,3.175,2.8503464872082467
GDPa1-106,HIC,Region,ElasticNet,2,3.28,2.8367541689758267
GDPa1-112,HIC,Region,ElasticNet,2,2.63,2.850271788304405
GDPa1-113,HIC,Region,ElasticNet,2,3.22,2.798973408667826
GDPa1-114,HIC,Region,ElasticNet,2,3.185,2.798901948457717
GDPa1-121,HIC,Region,ElasticNet,2,2.5,2.7536174651152376
GDPa1-122,HIC,Region,ElasticNet,2,3.4850000000000003,2.8410290679061947
GDPa1-128,HIC,Region,ElasticNet,2,2.515,2.687853450191482
GDPa1-133,HIC,Region,ElasticNet,2,2.715,2.8368300170935736
GDPa1-135,HIC,Region,ElasticNet,2,2.925,2.8897927583893757
GDPa1-148,HIC,Region,ElasticNet,2,2.755,2.7446395643854244
GDPa1-155,HIC,Region,ElasticNet,2,2.7350000000000003,2.8307826987261304
GDPa1-160,HIC,Region,ElasticNet,2,2.535,2.7915951588970027
GDPa1-162,HIC,Region,ElasticNet,2,2.605,2.850142762925042
GDPa1-184,HIC,Region,ElasticNet,2,2.91,2.909064880111244
GDPa1-186,HIC,Region,ElasticNet,2,2.675,2.739334058631255
GDPa1-189,HIC,Region,ElasticNet,2,3.155,2.7522849690644224
GDPa1-194,HIC,Region,ElasticNet,2,3.05,2.791738930034007
GDPa1-195,HIC,Region,ElasticNet,2,2.67,2.789400144453074
GDPa1-202,HIC,Region,ElasticNet,2,3.115,2.7466366135128517
GDPa1-210,HIC,Region,ElasticNet,2,3.18,2.8063129508248403
GDPa1-214,HIC,Region,ElasticNet,2,3.025,2.752356529358859
GDPa1-220,HIC,Region,ElasticNet,2,2.575,2.895472901401758
GDPa1-224,HIC,Region,ElasticNet,2,3.085,2.855927495365141
GDPa1-228,HIC,Region,ElasticNet,2,2.5,2.8765679233735386
GDPa1-229,HIC,Region,ElasticNet,2,2.87,2.890175220990022
GDPa1-231,HIC,Region,ElasticNet,2,2.9800000000000004,2.8376538665333033
GDPa1-232,HIC,Region,ElasticNet,2,3.0700000000000003,2.8515355681520873
GDPa1-233,HIC,Region,ElasticNet,2,3.14,2.7991282391230614
GDPa1-234,HIC,Region,ElasticNet,2,3.105,2.9531170758796894
GDPa1-007,HIC,Region,ElasticNet,3,2.45,2.8039203939421453
GDPa1-010,HIC,Region,ElasticNet,3,3.155,2.819182648653498
GDPa1-012,HIC,Region,ElasticNet,3,2.4800000000000004,2.8486677371845475
GDPa1-024,HIC,Region,ElasticNet,3,2.4450000000000003,2.8493183723858033
GDPa1-037,HIC,Region,ElasticNet,3,2.72,2.806988973408734
GDPa1-038,HIC,Region,ElasticNet,3,2.66,2.872497195939415
GDPa1-040,HIC,Region,ElasticNet,3,3.13,2.9133810332945203
GDPa1-043,HIC,Region,ElasticNet,3,3.4,2.8550804315460008
GDPa1-055,HIC,Region,ElasticNet,3,2.7300000000000004,2.81777749612907
GDPa1-058,HIC,Region,ElasticNet,3,2.535,2.828270730043389
GDPa1-077,HIC,Region,ElasticNet,3,2.825,2.9638571852785303
GDPa1-081,HIC,Region,ElasticNet,3,2.8600000000000003,2.8554986458477227
GDPa1-090,HIC,Region,ElasticNet,3,3.0700000000000003,2.8799782632437756
GDPa1-094,HIC,Region,ElasticNet,3,2.585,2.8276213511604604
GDPa1-100,HIC,Region,ElasticNet,3,2.525,2.785428515980642
GDPa1-104,HIC,Region,ElasticNet,3,3.17,2.915490397568163
GDPa1-108,HIC,Region,ElasticNet,3,2.635,2.8367442207543974
GDPa1-109,HIC,Region,ElasticNet,3,2.94,2.793317899549567
GDPa1-116,HIC,Region,ElasticNet,3,2.46,2.8223117298493072
GDPa1-123,HIC,Region,ElasticNet,3,2.435,2.7930701131742617
GDPa1-125,HIC,Region,ElasticNet,3,3.725,2.812588618311791
GDPa1-127,HIC,Region,ElasticNet,3,4.5,2.8976948433098815
GDPa1-136,HIC,Region,ElasticNet,3,2.5700000000000003,2.8446932360968233
GDPa1-144,HIC,Region,ElasticNet,3,2.6950000000000003,2.8581383151273614
GDPa1-147,HIC,Region,ElasticNet,3,3.01,2.8540684005046453
GDPa1-156,HIC,Region,ElasticNet,3,2.93,2.8857735795527013
GDPa1-163,HIC,Region,ElasticNet,3,2.52,2.9145309988958603
GDPa1-166,HIC,Region,ElasticNet,3,3.08,2.8329443895334645
GDPa1-168,HIC,Region,ElasticNet,3,2.5700000000000003,2.8543175165305517
GDPa1-173,HIC,Region,ElasticNet,3,2.845,2.7745906008654244
GDPa1-192,HIC,Region,ElasticNet,3,2.6500000000000004,2.869947152294255
GDPa1-198,HIC,Region,ElasticNet,3,2.62,2.7964001349139194
GDPa1-204,HIC,Region,ElasticNet,3,2.875,2.944761143286822
GDPa1-206,HIC,Region,ElasticNet,3,2.6100000000000003,2.8439596119540793
GDPa1-207,HIC,Region,ElasticNet,3,3.165,2.8081477921045708
GDPa1-212,HIC,Region,ElasticNet,3,2.62,2.8007693008952668
GDPa1-213,HIC,Region,ElasticNet,3,2.635,2.8229530396549594
GDPa1-217,HIC,Region,ElasticNet,3,2.9850000000000003,2.835381236400532
GDPa1-221,HIC,Region,ElasticNet,3,2.78,2.9705086343220706
GDPa1-226,HIC,Region,ElasticNet,3,2.545,2.825077659305938
GDPa1-235,HIC,Region,ElasticNet,3,2.45,2.8034132523221884
GDPa1-236,HIC,Region,ElasticNet,3,3.035,2.9648206153995216
GDPa1-239,HIC,Region,ElasticNet,3,2.775,2.8746223848949843
GDPa1-245,HIC,Region,ElasticNet,3,2.66,2.7668416079740057
GDPa1-011,HIC,Region,ElasticNet,4,2.81,2.741337031622196
GDPa1-015,HIC,Region,ElasticNet,4,3.115,2.7992026515358805
GDPa1-020,HIC,Region,ElasticNet,4,2.91,2.8838749275537374
GDPa1-025,HIC,Region,ElasticNet,4,2.83,2.793642996017797
GDPa1-030,HIC,Region,ElasticNet,4,4.5,2.8357748555446074
GDPa1-031,HIC,Region,ElasticNet,4,3.025,2.81704486864925
GDPa1-032,HIC,Region,ElasticNet,4,2.58,2.7650188865637237
GDPa1-034,HIC,Region,ElasticNet,4,2.87,2.8185838394246914
GDPa1-035,HIC,Region,ElasticNet,4,2.62,2.7696164240804078
GDPa1-045,HIC,Region,ElasticNet,4,3.265,2.921413362456257
GDPa1-047,HIC,Region,ElasticNet,4,2.465,2.784136106258364
GDPa1-049,HIC,Region,ElasticNet,4,2.865,2.7629789158170945
GDPa1-050,HIC,Region,ElasticNet,4,2.89,2.7352376088621404
GDPa1-052,HIC,Region,ElasticNet,4,2.59,2.739468867954085
GDPa1-057,HIC,Region,ElasticNet,4,2.43,2.732828170736381
GDPa1-059,HIC,Region,ElasticNet,4,2.745,2.822686492934068
GDPa1-063,HIC,Region,ElasticNet,4,2.915,2.732287831008233
GDPa1-068,HIC,Region,ElasticNet,4,2.615,2.7782883035141555
GDPa1-071,HIC,Region,ElasticNet,4,2.795,2.743034210962471
GDPa1-084,HIC,Region,ElasticNet,4,3.305,2.801686690729603
GDPa1-085,HIC,Region,ElasticNet,4,2.62,2.7444630513060115
GDPa1-089,HIC,Region,ElasticNet,4,3.585,2.814577966554929
GDPa1-093,HIC,Region,ElasticNet,4,3.4000000000000004,2.800088076978686
GDPa1-103,HIC,Region,ElasticNet,4,3.17,2.7985425099336965
GDPa1-105,HIC,Region,ElasticNet,4,3.01,2.787157860214191
GDPa1-117,HIC,Region,ElasticNet,4,3.08,2.835751360345898
GDPa1-118,HIC,Region,ElasticNet,4,2.615,2.7627234933991613
GDPa1-124,HIC,Region,ElasticNet,4,2.5,2.7830185875988924
GDPa1-132,HIC,Region,ElasticNet,4,2.96,2.823643812160317
GDPa1-137,HIC,Region,ElasticNet,4,2.49,2.754148424085775
GDPa1-139,HIC,Region,ElasticNet,4,2.6500000000000004,2.7936704754902237
GDPa1-140,HIC,Region,ElasticNet,4,2.7350000000000003,2.7928838379589456
GDPa1-143,HIC,Region,ElasticNet,4,2.45,2.80880754593888
GDPa1-145,HIC,Region,ElasticNet,4,2.47,2.8037962336526925
GDPa1-151,HIC,Region,ElasticNet,4,2.805,2.801366482842705
GDPa1-153,HIC,Region,ElasticNet,4,2.9450000000000003,2.8086687330716456
GDPa1-157,HIC,Region,ElasticNet,4,2.955,2.7347710981790034
GDPa1-167,HIC,Region,ElasticNet,4,2.8200000000000003,2.730045686329013
GDPa1-178,HIC,Region,ElasticNet,4,2.55,2.7924089066193982
GDPa1-180,HIC,Region,ElasticNet,4,2.9000000000000004,2.7795505622731254
GDPa1-183,HIC,Region,ElasticNet,4,2.835,2.740104092070589
GDPa1-205,HIC,Region,ElasticNet,4,2.84,2.785331999158259
GDPa1-208,HIC,Region,ElasticNet,4,2.965,2.762273780885961
GDPa1-216,HIC,Region,ElasticNet,4,2.46,2.7833653170165906
GDPa1-218,HIC,Region,ElasticNet,4,2.685,2.815580242341909
GDPa1-227,HIC,Region,ElasticNet,4,2.665,2.7585345978618885
GDPa1-240,HIC,Region,ElasticNet,4,3.095,2.752160029759361
GDPa1-243,HIC,Region,ElasticNet,4,4.5,2.8076626134462597
GDPa1-246,HIC,Region,ElasticNet,4,2.53,2.8233605486977136
GDPa1-002,HIC,Structure,ElasticNet,0,2.545,2.851470513541969
GDPa1-004,HIC,Structure,ElasticNet,0,2.565,2.6976958101908144
GDPa1-005,HIC,Structure,ElasticNet,0,2.495,2.7932272174075576
GDPa1-006,HIC,Structure,ElasticNet,0,2.46,2.703517664737086
GDPa1-013,HIC,Structure,ElasticNet,0,2.7350000000000003,2.953854073238212
GDPa1-014,HIC,Structure,ElasticNet,0,3.755,3.0453608866089596
GDPa1-023,HIC,Structure,ElasticNet,0,3.1950000000000003,3.025631710358195
GDPa1-026,HIC,Structure,ElasticNet,0,2.83,2.8896971653483265
GDPa1-029,HIC,Structure,ElasticNet,0,2.76,2.8522744263968525
GDPa1-042,HIC,Structure,ElasticNet,0,3.18,3.1329557209803607
GDPa1-046,HIC,Structure,ElasticNet,0,2.685,2.7799576002184856
GDPa1-051,HIC,Structure,ElasticNet,0,2.4450000000000003,2.784411893567939
GDPa1-053,HIC,Structure,ElasticNet,0,2.48,2.741172206689133
GDPa1-060,HIC,Structure,ElasticNet,0,2.71,2.8604438043629057
GDPa1-062,HIC,Structure,ElasticNet,0,2.79,2.857666080647719
GDPa1-065,HIC,Structure,ElasticNet,0,2.865,2.841315648084664
GDPa1-066,HIC,Structure,ElasticNet,0,2.505,2.8156365807392985
GDPa1-069,HIC,Structure,ElasticNet,0,2.915,2.78715845264481
GDPa1-072,HIC,Structure,ElasticNet,0,2.785,2.753507817401187
GDPa1-073,HIC,Structure,ElasticNet,0,2.79,2.9872279786962106
GDPa1-076,HIC,Structure,ElasticNet,0,3.68,2.957891799026746
GDPa1-079,HIC,Structure,ElasticNet,0,2.585,2.6571690144428266
GDPa1-083,HIC,Structure,ElasticNet,0,2.77,2.689907747040774
GDPa1-087,HIC,Structure,ElasticNet,0,3.05,2.805845027092097
GDPa1-092,HIC,Structure,ElasticNet,0,2.975,2.928711952623851
GDPa1-097,HIC,Structure,ElasticNet,0,3.395,2.85404229800291
GDPa1-111,HIC,Structure,ElasticNet,0,2.76,2.944688710003963
GDPa1-120,HIC,Structure,ElasticNet,0,2.615,2.771841365769874
GDPa1-131,HIC,Structure,ElasticNet,0,2.6900000000000004,2.794617386887634
GDPa1-138,HIC,Structure,ElasticNet,0,2.675,2.8026460482588273
GDPa1-142,HIC,Structure,ElasticNet,0,2.81,2.919294934414817
GDPa1-146,HIC,Structure,ElasticNet,0,2.75,2.9194401667376915
GDPa1-154,HIC,Structure,ElasticNet,0,2.8600000000000003,2.9311964665081636
GDPa1-159,HIC,Structure,ElasticNet,0,2.64,2.7890740347263727
GDPa1-161,HIC,Structure,ElasticNet,0,2.76,2.9607364014843496
GDPa1-172,HIC,Structure,ElasticNet,0,2.56,2.8293966564900206
GDPa1-175,HIC,Structure,ElasticNet,0,2.815,2.916225631625128
GDPa1-177,HIC,Structure,ElasticNet,0,2.565,2.743146835962391
GDPa1-179,HIC,Structure,ElasticNet,0,2.4800000000000004,2.693293373046958
GDPa1-181,HIC,Structure,ElasticNet,0,2.6100000000000003,2.890907426340676
GDPa1-182,HIC,Structure,ElasticNet,0,3.055,2.975524120758952
GDPa1-187,HIC,Structure,ElasticNet,0,2.635,3.0010955043726546
GDPa1-188,HIC,Structure,ElasticNet,0,3.365,3.118902362113895
GDPa1-196,HIC,Structure,ElasticNet,0,2.565,2.7910482025247463
GDPa1-197,HIC,Structure,ElasticNet,0,2.9850000000000003,2.9504466463584262
GDPa1-200,HIC,Structure,ElasticNet,0,2.495,2.7284416385418027
GDPa1-209,HIC,Structure,ElasticNet,0,3.06,2.663315519297085
GDPa1-222,HIC,Structure,ElasticNet,0,2.885,2.8549012306067776
GDPa1-225,HIC,Structure,ElasticNet,0,2.625,2.835256511401162
GDPa1-230,HIC,Structure,ElasticNet,0,2.675,2.8858269282547644
GDPa1-238,HIC,Structure,ElasticNet,0,2.585,2.800947280120619
GDPa1-242,HIC,Structure,ElasticNet,0,2.495,3.030185703265023
GDPa1-244,HIC,Structure,ElasticNet,0,2.59,2.8400162533075246
GDPa1-016,HIC,Structure,ElasticNet,1,2.46,2.7950395296148454
GDPa1-019,HIC,Structure,ElasticNet,1,2.79,2.8323316288111005
GDPa1-021,HIC,Structure,ElasticNet,1,2.7350000000000003,2.678596362165051
GDPa1-022,HIC,Structure,ElasticNet,1,2.72,2.8879006316869527
GDPa1-036,HIC,Structure,ElasticNet,1,2.565,2.692421471621287
GDPa1-039,HIC,Structure,ElasticNet,1,3.1,2.9816611874274153
GDPa1-041,HIC,Structure,ElasticNet,1,2.7300000000000004,2.832933982904201
GDPa1-044,HIC,Structure,ElasticNet,1,2.815,2.898862093835272
GDPa1-054,HIC,Structure,ElasticNet,1,2.58,2.7692430730467397
GDPa1-061,HIC,Structure,ElasticNet,1,2.96,3.0353543858358134
GDPa1-070,HIC,Structure,ElasticNet,1,2.845,2.7793682897394976
GDPa1-074,HIC,Structure,ElasticNet,1,3.5700000000000003,3.0135747556901826
GDPa1-075,HIC,Structure,ElasticNet,1,2.545,2.706118650881478
GDPa1-080,HIC,Structure,ElasticNet,1,2.6900000000000004,2.83034156449382
GDPa1-082,HIC,Structure,ElasticNet,1,2.66,2.8389496034585178
GDPa1-096,HIC,Structure,ElasticNet,1,2.54,2.9002304495984816
GDPa1-098,HIC,Structure,ElasticNet,1,2.4800000000000004,2.616319172281854
GDPa1-101,HIC,Structure,ElasticNet,1,3.8,2.844497642034852
GDPa1-107,HIC,Structure,ElasticNet,1,2.795,2.5964790688624326
GDPa1-115,HIC,Structure,ElasticNet,1,2.975,2.8279604022412954
GDPa1-119,HIC,Structure,ElasticNet,1,2.575,2.7639274483788085
GDPa1-126,HIC,Structure,ElasticNet,1,3.055,2.8099405025940443
GDPa1-129,HIC,Structure,ElasticNet,1,2.555,2.7793442991150012
GDPa1-130,HIC,Structure,ElasticNet,1,2.9850000000000003,2.7459887251235413
GDPa1-134,HIC,Structure,ElasticNet,1,2.6900000000000004,2.8813068846092897
GDPa1-141,HIC,Structure,ElasticNet,1,2.705,2.9588819346892117
GDPa1-149,HIC,Structure,ElasticNet,1,2.73,2.695535697759336
GDPa1-152,HIC,Structure,ElasticNet,1,2.82,2.652359569727527
GDPa1-158,HIC,Structure,ElasticNet,1,2.84,3.001880667867549
GDPa1-164,HIC,Structure,ElasticNet,1,2.9,2.793386893489037
GDPa1-165,HIC,Structure,ElasticNet,1,2.505,2.8635768982705025
GDPa1-169,HIC,Structure,ElasticNet,1,3.2,2.783993370449704
GDPa1-170,HIC,Structure,ElasticNet,1,2.605,2.5518329584051784
GDPa1-171,HIC,Structure,ElasticNet,1,2.74,2.905955641280792
GDPa1-176,HIC,Structure,ElasticNet,1,2.54,2.9541891845049397
GDPa1-185,HIC,Structure,ElasticNet,1,2.515,2.716225047454622
GDPa1-190,HIC,Structure,ElasticNet,1,2.845,2.905534806124
GDPa1-191,HIC,Structure,ElasticNet,1,3.33,2.8392438575733947
GDPa1-193,HIC,Structure,ElasticNet,1,2.8600000000000003,2.5957164518219664
GDPa1-199,HIC,Structure,ElasticNet,1,2.575,2.752461184978281
GDPa1-201,HIC,Structure,ElasticNet,1,2.5700000000000003,2.6923928286468204
GDPa1-203,HIC,Structure,ElasticNet,1,2.745,2.902404056934114
GDPa1-211,HIC,Structure,ElasticNet,1,2.53,2.9798647720589977
GDPa1-215,HIC,Structure,ElasticNet,1,3.06,2.846474958057652
GDPa1-219,HIC,Structure,ElasticNet,1,2.465,2.6462206615497466
GDPa1-223,HIC,Structure,ElasticNet,1,3.1,2.973590271654635
GDPa1-237,HIC,Structure,ElasticNet,1,2.58,2.749638652818527
GDPa1-241,HIC,Structure,ElasticNet,1,3.16,2.826847813107271
GDPa1-001,HIC,Structure,ElasticNet,2,2.59,3.022242362072538
GDPa1-003,HIC,Structure,ElasticNet,2,2.705,2.8035958915087265
GDPa1-008,HIC,Structure,ElasticNet,2,2.535,2.617015721557432
GDPa1-009,HIC,Structure,ElasticNet,2,2.67,2.737230676722176
GDPa1-017,HIC,Structure,ElasticNet,2,2.635,2.9526193016206475
GDPa1-018,HIC,Structure,ElasticNet,2,3.085,2.8127410133793345
GDPa1-027,HIC,Structure,ElasticNet,2,2.6,2.783994928962894
GDPa1-033,HIC,Structure,ElasticNet,2,2.5,2.6811336399571983
GDPa1-048,HIC,Structure,ElasticNet,2,2.51,2.937280188192323
GDPa1-056,HIC,Structure,ElasticNet,2,2.67,2.8540580141949077
GDPa1-064,HIC,Structure,ElasticNet,2,2.63,2.8022047756481907
GDPa1-067,HIC,Structure,ElasticNet,2,3.4400000000000004,2.818877527330682
GDPa1-078,HIC,Structure,ElasticNet,2,2.4850000000000003,2.6167602469321483
GDPa1-086,HIC,Structure,ElasticNet,2,2.99,2.9044358586536516
GDPa1-088,HIC,Structure,ElasticNet,2,2.555,2.82575818906469
GDPa1-091,HIC,Structure,ElasticNet,2,2.5700000000000003,2.875584260550709
GDPa1-095,HIC,Structure,ElasticNet,2,2.465,2.7659486765256838
GDPa1-099,HIC,Structure,ElasticNet,2,2.545,2.8985491238226326
GDPa1-102,HIC,Structure,ElasticNet,2,3.175,2.933950572370075
GDPa1-106,HIC,Structure,ElasticNet,2,3.28,2.768555516810657
GDPa1-112,HIC,Structure,ElasticNet,2,2.63,2.6734946547309892
GDPa1-113,HIC,Structure,ElasticNet,2,3.22,2.844820626017169
GDPa1-114,HIC,Structure,ElasticNet,2,3.185,2.9862291650485377
GDPa1-121,HIC,Structure,ElasticNet,2,2.5,2.8045768193657596
GDPa1-122,HIC,Structure,ElasticNet,2,3.4850000000000003,2.8649465869833133
GDPa1-128,HIC,Structure,ElasticNet,2,2.515,2.915225935245126
GDPa1-133,HIC,Structure,ElasticNet,2,2.715,2.8577667168909873
GDPa1-135,HIC,Structure,ElasticNet,2,2.925,2.7681079494754632
GDPa1-148,HIC,Structure,ElasticNet,2,2.755,2.7936840947526105
GDPa1-155,HIC,Structure,ElasticNet,2,2.7350000000000003,2.825331433753051
GDPa1-160,HIC,Structure,ElasticNet,2,2.535,2.7834470737604993
GDPa1-162,HIC,Structure,ElasticNet,2,2.605,2.6818146747330625
GDPa1-184,HIC,Structure,ElasticNet,2,2.91,2.960206694824644
GDPa1-186,HIC,Structure,ElasticNet,2,2.675,2.7302612316506454
GDPa1-189,HIC,Structure,ElasticNet,2,3.155,2.755887955002652
GDPa1-194,HIC,Structure,ElasticNet,2,3.05,3.0645036288964156
GDPa1-195,HIC,Structure,ElasticNet,2,2.67,2.690106863884316
GDPa1-202,HIC,Structure,ElasticNet,2,3.115,2.831143818785593
GDPa1-210,HIC,Structure,ElasticNet,2,3.18,3.0571926534675717
GDPa1-214,HIC,Structure,ElasticNet,2,3.025,2.8948298158494
GDPa1-220,HIC,Structure,ElasticNet,2,2.575,2.641786104043179
GDPa1-224,HIC,Structure,ElasticNet,2,3.085,2.8503031398616465
GDPa1-228,HIC,Structure,ElasticNet,2,2.5,2.7537281076615474
GDPa1-229,HIC,Structure,ElasticNet,2,2.87,2.7187560086845437
GDPa1-231,HIC,Structure,ElasticNet,2,2.9800000000000004,2.8461002911595563
GDPa1-232,HIC,Structure,ElasticNet,2,3.0700000000000003,2.981195071614686
GDPa1-233,HIC,Structure,ElasticNet,2,3.14,3.004142330476796
GDPa1-234,HIC,Structure,ElasticNet,2,3.105,3.0060658196477537
GDPa1-007,HIC,Structure,ElasticNet,3,2.45,2.5700394942004228
GDPa1-010,HIC,Structure,ElasticNet,3,3.155,2.8715867888952857
GDPa1-012,HIC,Structure,ElasticNet,3,2.4800000000000004,2.732203120775612
GDPa1-024,HIC,Structure,ElasticNet,3,2.4450000000000003,2.816919511944987
GDPa1-037,HIC,Structure,ElasticNet,3,2.72,2.795017642430056
GDPa1-038,HIC,Structure,ElasticNet,3,2.66,2.6859689794119475
GDPa1-040,HIC,Structure,ElasticNet,3,3.13,2.8016759437014462
GDPa1-043,HIC,Structure,ElasticNet,3,3.4,3.0023064343454178
GDPa1-055,HIC,Structure,ElasticNet,3,2.7300000000000004,2.607220560680398
GDPa1-058,HIC,Structure,ElasticNet,3,2.535,2.572615871482076
GDPa1-077,HIC,Structure,ElasticNet,3,2.825,2.8456475505992533
GDPa1-081,HIC,Structure,ElasticNet,3,2.8600000000000003,2.734851954912376
GDPa1-090,HIC,Structure,ElasticNet,3,3.0700000000000003,2.748391849180293
GDPa1-094,HIC,Structure,ElasticNet,3,2.585,2.605644989958236
GDPa1-100,HIC,Structure,ElasticNet,3,2.525,2.8675232746493404
GDPa1-104,HIC,Structure,ElasticNet,3,3.17,2.7182199781616485
GDPa1-108,HIC,Structure,ElasticNet,3,2.635,2.890619650319433
GDPa1-109,HIC,Structure,ElasticNet,3,2.94,2.68243581486656
GDPa1-116,HIC,Structure,ElasticNet,3,2.46,2.769215949920182
GDPa1-123,HIC,Structure,ElasticNet,3,2.435,2.639387704044334
GDPa1-125,HIC,Structure,ElasticNet,3,3.725,3.0004632663232584
GDPa1-127,HIC,Structure,ElasticNet,3,4.5,3.045652329243656
GDPa1-136,HIC,Structure,ElasticNet,3,2.5700000000000003,2.5879547042183337
GDPa1-144,HIC,Structure,ElasticNet,3,2.6950000000000003,2.7362243390462213
GDPa1-147,HIC,Structure,ElasticNet,3,3.01,2.7202710252915714
GDPa1-156,HIC,Structure,ElasticNet,3,2.93,2.845311694345149
GDPa1-163,HIC,Structure,ElasticNet,3,2.52,2.8150596909995986
GDPa1-166,HIC,Structure,ElasticNet,3,3.08,2.9494580373787183
GDPa1-168,HIC,Structure,ElasticNet,3,2.5700000000000003,2.626873548696118
GDPa1-173,HIC,Structure,ElasticNet,3,2.845,2.7653620254664086
GDPa1-192,HIC,Structure,ElasticNet,3,2.6500000000000004,2.5907687331653864
GDPa1-198,HIC,Structure,ElasticNet,3,2.62,2.75304515653454
GDPa1-204,HIC,Structure,ElasticNet,3,2.875,2.8062104374266483
GDPa1-206,HIC,Structure,ElasticNet,3,2.6100000000000003,2.7089746769797416
GDPa1-207,HIC,Structure,ElasticNet,3,3.165,3.1365020285606824
GDPa1-212,HIC,Structure,ElasticNet,3,2.62,2.7466695339819815
GDPa1-213,HIC,Structure,ElasticNet,3,2.635,2.8649526041658433
GDPa1-217,HIC,Structure,ElasticNet,3,2.9850000000000003,2.7387473905083772
GDPa1-221,HIC,Structure,ElasticNet,3,2.78,2.750681095940596
GDPa1-226,HIC,Structure,ElasticNet,3,2.545,2.6487452893624996
GDPa1-235,HIC,Structure,ElasticNet,3,2.45,2.784447768696445
GDPa1-236,HIC,Structure,ElasticNet,3,3.035,3.059558273418844
GDPa1-239,HIC,Structure,ElasticNet,3,2.775,2.9079538086621772
GDPa1-245,HIC,Structure,ElasticNet,3,2.66,2.7638635954167268
GDPa1-011,HIC,Structure,ElasticNet,4,2.81,2.8797927781830097
GDPa1-015,HIC,Structure,ElasticNet,4,3.115,2.8063630048267476
GDPa1-020,HIC,Structure,ElasticNet,4,2.91,2.6981625928207427
GDPa1-025,HIC,Structure,ElasticNet,4,2.83,2.8221356422025132
GDPa1-030,HIC,Structure,ElasticNet,4,4.5,2.8761647436857074
GDPa1-031,HIC,Structure,ElasticNet,4,3.025,2.9154993185087705
GDPa1-032,HIC,Structure,ElasticNet,4,2.58,2.690241762482454
GDPa1-034,HIC,Structure,ElasticNet,4,2.87,2.8523956544479216
GDPa1-035,HIC,Structure,ElasticNet,4,2.62,2.6772362637916514
GDPa1-045,HIC,Structure,ElasticNet,4,3.265,2.9764957203969997
GDPa1-047,HIC,Structure,ElasticNet,4,2.465,2.706422619084267
GDPa1-049,HIC,Structure,ElasticNet,4,2.865,2.7873170159955842
GDPa1-050,HIC,Structure,ElasticNet,4,2.89,2.8380046992814627
GDPa1-052,HIC,Structure,ElasticNet,4,2.59,2.7582420413832685
GDPa1-057,HIC,Structure,ElasticNet,4,2.43,2.6370613383926758
GDPa1-059,HIC,Structure,ElasticNet,4,2.745,2.736246276161463
GDPa1-063,HIC,Structure,ElasticNet,4,2.915,2.8111763603777877
GDPa1-068,HIC,Structure,ElasticNet,4,2.615,2.706040751021003
GDPa1-071,HIC,Structure,ElasticNet,4,2.795,2.825224777423776
GDPa1-084,HIC,Structure,ElasticNet,4,3.305,2.888884110589859
GDPa1-085,HIC,Structure,ElasticNet,4,2.62,2.8830886527747044
GDPa1-089,HIC,Structure,ElasticNet,4,3.585,3.002966939603671
GDPa1-093,HIC,Structure,ElasticNet,4,3.4000000000000004,2.809987365826319
GDPa1-103,HIC,Structure,ElasticNet,4,3.17,2.984454377455158
GDPa1-105,HIC,Structure,ElasticNet,4,3.01,2.7959609608576113
GDPa1-117,HIC,Structure,ElasticNet,4,3.08,2.8441264176011787
GDPa1-118,HIC,Structure,ElasticNet,4,2.615,2.7402342989971906
GDPa1-124,HIC,Structure,ElasticNet,4,2.5,2.7462604513760263
GDPa1-132,HIC,Structure,ElasticNet,4,2.96,2.862242229546325
GDPa1-137,HIC,Structure,ElasticNet,4,2.49,2.632895289702539
GDPa1-139,HIC,Structure,ElasticNet,4,2.6500000000000004,2.849627177309756
GDPa1-140,HIC,Structure,ElasticNet,4,2.7350000000000003,2.793800941508583
GDPa1-143,HIC,Structure,ElasticNet,4,2.45,2.8759000934081875
GDPa1-145,HIC,Structure,ElasticNet,4,2.47,2.7807457466970846
GDPa1-151,HIC,Structure,ElasticNet,4,2.805,2.8791289835599496
GDPa1-153,HIC,Structure,ElasticNet,4,2.9450000000000003,2.8711007410908933
GDPa1-157,HIC,Structure,ElasticNet,4,2.955,2.7258158907697436
GDPa1-167,HIC,Structure,ElasticNet,4,2.8200000000000003,2.86400611782662
GDPa1-178,HIC,Structure,ElasticNet,4,2.55,2.823726150951619
GDPa1-180,HIC,Structure,ElasticNet,4,2.9000000000000004,2.8693240583488264
GDPa1-183,HIC,Structure,ElasticNet,4,2.835,2.864963494146868
GDPa1-205,HIC,Structure,ElasticNet,4,2.84,2.8853701963913854
GDPa1-208,HIC,Structure,ElasticNet,4,2.965,2.8488618474635454
GDPa1-216,HIC,Structure,ElasticNet,4,2.46,2.695176116346028
GDPa1-218,HIC,Structure,ElasticNet,4,2.685,2.691468588981092
GDPa1-227,HIC,Structure,ElasticNet,4,2.665,2.739590165015407
GDPa1-240,HIC,Structure,ElasticNet,4,3.095,2.8660390224773944
GDPa1-243,HIC,Structure,ElasticNet,4,4.5,3.003877149716123
GDPa1-246,HIC,Structure,ElasticNet,4,2.53,2.8569352907888237
GDPa1-002,HIC,Embeddings,Ridge,0,2.545,3.2153590584723113
GDPa1-004,HIC,Embeddings,Ridge,0,2.565,3.057093601074248
GDPa1-005,HIC,Embeddings,Ridge,0,2.495,2.600345905270005
GDPa1-006,HIC,Embeddings,Ridge,0,2.46,2.674178642371521
GDPa1-013,HIC,Embeddings,Ridge,0,2.7350000000000003,3.4435563169190972
GDPa1-014,HIC,Embeddings,Ridge,0,3.755,3.0465405012035665
GDPa1-023,HIC,Embeddings,Ridge,0,3.1950000000000003,3.5370712260175536
GDPa1-026,HIC,Embeddings,Ridge,0,2.83,2.513806552646842
GDPa1-029,HIC,Embeddings,Ridge,0,2.76,2.7455773268095442
GDPa1-042,HIC,Embeddings,Ridge,0,3.18,3.475976307498027
GDPa1-046,HIC,Embeddings,Ridge,0,2.685,2.5842811802000027
GDPa1-051,HIC,Embeddings,Ridge,0,2.4450000000000003,2.4761422977975873
GDPa1-053,HIC,Embeddings,Ridge,0,2.48,2.441282126177902
GDPa1-060,HIC,Embeddings,Ridge,0,2.71,2.6166331405233785
GDPa1-062,HIC,Embeddings,Ridge,0,2.79,2.718251111095531
GDPa1-065,HIC,Embeddings,Ridge,0,2.865,2.8486666237007126
GDPa1-066,HIC,Embeddings,Ridge,0,2.505,3.07200489035546
GDPa1-069,HIC,Embeddings,Ridge,0,2.915,2.8329648218480075
GDPa1-072,HIC,Embeddings,Ridge,0,2.785,2.667926145633547
GDPa1-073,HIC,Embeddings,Ridge,0,2.79,2.7989934121436555
GDPa1-076,HIC,Embeddings,Ridge,0,3.68,2.3557957455932974
GDPa1-079,HIC,Embeddings,Ridge,0,2.585,2.659469350834629
GDPa1-083,HIC,Embeddings,Ridge,0,2.77,2.480379012118094
GDPa1-087,HIC,Embeddings,Ridge,0,3.05,2.8827332635067613
GDPa1-092,HIC,Embeddings,Ridge,0,2.975,2.8709700092237687
GDPa1-097,HIC,Embeddings,Ridge,0,3.395,2.828884187118732
GDPa1-111,HIC,Embeddings,Ridge,0,2.76,2.862533172012828
GDPa1-120,HIC,Embeddings,Ridge,0,2.615,2.8103825604461212
GDPa1-131,HIC,Embeddings,Ridge,0,2.6900000000000004,2.4337781880034384
GDPa1-138,HIC,Embeddings,Ridge,0,2.675,2.438739041799912
GDPa1-142,HIC,Embeddings,Ridge,0,2.81,3.506264984277443
GDPa1-146,HIC,Embeddings,Ridge,0,2.75,2.1467660514907783
GDPa1-154,HIC,Embeddings,Ridge,0,2.8600000000000003,3.34531227028257
GDPa1-159,HIC,Embeddings,Ridge,0,2.64,3.3223257053491757
GDPa1-161,HIC,Embeddings,Ridge,0,2.76,2.884737511991093
GDPa1-172,HIC,Embeddings,Ridge,0,2.56,2.625088316781717
GDPa1-175,HIC,Embeddings,Ridge,0,2.815,2.856310827232755
GDPa1-177,HIC,Embeddings,Ridge,0,2.565,3.3482181101126844
GDPa1-179,HIC,Embeddings,Ridge,0,2.4800000000000004,2.7653460380909247
GDPa1-181,HIC,Embeddings,Ridge,0,2.6100000000000003,2.3764248184878602
GDPa1-182,HIC,Embeddings,Ridge,0,3.055,2.655811134929138
GDPa1-187,HIC,Embeddings,Ridge,0,2.635,2.778796193982179
GDPa1-188,HIC,Embeddings,Ridge,0,3.365,3.7074031188474614
GDPa1-196,HIC,Embeddings,Ridge,0,2.565,3.046958730735553
GDPa1-197,HIC,Embeddings,Ridge,0,2.9850000000000003,2.90543537398654
GDPa1-200,HIC,Embeddings,Ridge,0,2.495,2.411097500377256
GDPa1-209,HIC,Embeddings,Ridge,0,3.06,3.218880558316341
GDPa1-222,HIC,Embeddings,Ridge,0,2.885,2.9462427969276113
GDPa1-225,HIC,Embeddings,Ridge,0,2.625,2.5170190451763013
GDPa1-230,HIC,Embeddings,Ridge,0,2.675,2.5444832283282928
GDPa1-238,HIC,Embeddings,Ridge,0,2.585,2.59899734370044
GDPa1-242,HIC,Embeddings,Ridge,0,2.495,2.837753360525079
GDPa1-244,HIC,Embeddings,Ridge,0,2.59,2.6427904894629726
GDPa1-016,HIC,Embeddings,Ridge,1,2.46,2.6481901275938085
GDPa1-019,HIC,Embeddings,Ridge,1,2.79,2.7011452694022715
GDPa1-021,HIC,Embeddings,Ridge,1,2.7350000000000003,2.3677336374177442
GDPa1-022,HIC,Embeddings,Ridge,1,2.72,2.69933148178314
GDPa1-036,HIC,Embeddings,Ridge,1,2.565,2.4167147322550697
GDPa1-039,HIC,Embeddings,Ridge,1,3.1,2.674262684282798
GDPa1-041,HIC,Embeddings,Ridge,1,2.7300000000000004,2.9078667828198825
GDPa1-044,HIC,Embeddings,Ridge,1,2.815,2.905384608597059
GDPa1-054,HIC,Embeddings,Ridge,1,2.58,2.6237971315946904
GDPa1-061,HIC,Embeddings,Ridge,1,2.96,3.4178253400506167
GDPa1-070,HIC,Embeddings,Ridge,1,2.845,2.526737012884449
GDPa1-074,HIC,Embeddings,Ridge,1,3.5700000000000003,3.431580212203151
GDPa1-075,HIC,Embeddings,Ridge,1,2.545,2.6504850811834846
GDPa1-080,HIC,Embeddings,Ridge,1,2.6900000000000004,3.096978181305214
GDPa1-082,HIC,Embeddings,Ridge,1,2.66,3.2223963336330415
GDPa1-096,HIC,Embeddings,Ridge,1,2.54,2.1669238526149512
GDPa1-098,HIC,Embeddings,Ridge,1,2.4800000000000004,2.7379460981010157
GDPa1-101,HIC,Embeddings,Ridge,1,3.8,3.5832423416324586
GDPa1-107,HIC,Embeddings,Ridge,1,2.795,2.282972441128506
GDPa1-115,HIC,Embeddings,Ridge,1,2.975,2.86336147885117
GDPa1-119,HIC,Embeddings,Ridge,1,2.575,2.8192832288728886
GDPa1-126,HIC,Embeddings,Ridge,1,3.055,2.8236329678591594
GDPa1-129,HIC,Embeddings,Ridge,1,2.555,2.436969039208355
GDPa1-130,HIC,Embeddings,Ridge,1,2.9850000000000003,2.86336147885117
GDPa1-134,HIC,Embeddings,Ridge,1,2.6900000000000004,2.4572822169909494
GDPa1-141,HIC,Embeddings,Ridge,1,2.705,2.9026319465896004
GDPa1-149,HIC,Embeddings,Ridge,1,2.73,2.669683783161692
GDPa1-152,HIC,Embeddings,Ridge,1,2.82,2.3009524464520106
GDPa1-158,HIC,Embeddings,Ridge,1,2.84,2.7179056828724284
GDPa1-164,HIC,Embeddings,Ridge,1,2.9,2.7861539244244886
GDPa1-165,HIC,Embeddings,Ridge,1,2.505,2.12495567521435
GDPa1-169,HIC,Embeddings,Ridge,1,3.2,3.018218910401449
GDPa1-170,HIC,Embeddings,Ridge,1,2.605,2.250162911698217
GDPa1-171,HIC,Embeddings,Ridge,1,2.74,2.588356405275869
GDPa1-176,HIC,Embeddings,Ridge,1,2.54,3.6273945343149303
GDPa1-185,HIC,Embeddings,Ridge,1,2.515,2.480431975567477
GDPa1-190,HIC,Embeddings,Ridge,1,2.845,2.5744556042366273
GDPa1-191,HIC,Embeddings,Ridge,1,3.33,3.340794489320578
GDPa1-193,HIC,Embeddings,Ridge,1,2.8600000000000003,3.1401546399535016
GDPa1-199,HIC,Embeddings,Ridge,1,2.575,3.238037377011432
GDPa1-201,HIC,Embeddings,Ridge,1,2.5700000000000003,2.9633001652232713
GDPa1-203,HIC,Embeddings,Ridge,1,2.745,3.0684122825292457
GDPa1-211,HIC,Embeddings,Ridge,1,2.53,2.9130158413879395
GDPa1-215,HIC,Embeddings,Ridge,1,3.06,3.3708192635286154
GDPa1-219,HIC,Embeddings,Ridge,1,2.465,2.277949272467585
GDPa1-223,HIC,Embeddings,Ridge,1,3.1,2.6896007492201615
GDPa1-237,HIC,Embeddings,Ridge,1,2.58,2.746442258858265
GDPa1-241,HIC,Embeddings,Ridge,1,3.16,3.147230192648233
GDPa1-001,HIC,Embeddings,Ridge,2,2.59,2.4804895699449436
GDPa1-003,HIC,Embeddings,Ridge,2,2.705,2.9519173387489164
GDPa1-008,HIC,Embeddings,Ridge,2,2.535,2.120872366742507
GDPa1-009,HIC,Embeddings,Ridge,2,2.67,1.8977052712445566
GDPa1-017,HIC,Embeddings,Ridge,2,2.635,2.6269580107332806
GDPa1-018,HIC,Embeddings,Ridge,2,3.085,2.0033458931433383
GDPa1-027,HIC,Embeddings,Ridge,2,2.6,2.6001829313820797
GDPa1-033,HIC,Embeddings,Ridge,2,2.5,2.423183597486723
GDPa1-048,HIC,Embeddings,Ridge,2,2.51,2.885922147738864
GDPa1-056,HIC,Embeddings,Ridge,2,2.67,3.125040929969143
GDPa1-064,HIC,Embeddings,Ridge,2,2.63,2.4497424997426673
GDPa1-067,HIC,Embeddings,Ridge,2,3.4400000000000004,2.826056204812794
GDPa1-078,HIC,Embeddings,Ridge,2,2.4850000000000003,2.593040015937436
GDPa1-086,HIC,Embeddings,Ridge,2,2.99,2.4732360003424487
GDPa1-088,HIC,Embeddings,Ridge,2,2.555,2.6642462651094156
GDPa1-091,HIC,Embeddings,Ridge,2,2.5700000000000003,2.706397379698411
GDPa1-095,HIC,Embeddings,Ridge,2,2.465,2.0530159690015823
GDPa1-099,HIC,Embeddings,Ridge,2,2.545,2.441838174832439
GDPa1-102,HIC,Embeddings,Ridge,2,3.175,3.041766196707835
GDPa1-106,HIC,Embeddings,Ridge,2,3.28,2.682422025196123
GDPa1-112,HIC,Embeddings,Ridge,2,2.63,2.8440215465815033
GDPa1-113,HIC,Embeddings,Ridge,2,3.22,2.7982148659600172
GDPa1-114,HIC,Embeddings,Ridge,2,3.185,2.8116887546552354
GDPa1-121,HIC,Embeddings,Ridge,2,2.5,2.364977005199998
GDPa1-122,HIC,Embeddings,Ridge,2,3.4850000000000003,2.641781779418609
GDPa1-128,HIC,Embeddings,Ridge,2,2.515,2.832742991627168
GDPa1-133,HIC,Embeddings,Ridge,2,2.715,2.6937176286648654
GDPa1-135,HIC,Embeddings,Ridge,2,2.925,2.6921934986418523
GDPa1-148,HIC,Embeddings,Ridge,2,2.755,2.917162279528866
GDPa1-155,HIC,Embeddings,Ridge,2,2.7350000000000003,3.043806292059087
GDPa1-160,HIC,Embeddings,Ridge,2,2.535,2.2429128479285665
GDPa1-162,HIC,Embeddings,Ridge,2,2.605,2.88789652626324
GDPa1-184,HIC,Embeddings,Ridge,2,2.91,2.993330182597413
GDPa1-186,HIC,Embeddings,Ridge,2,2.675,2.494222621557333
GDPa1-189,HIC,Embeddings,Ridge,2,3.155,3.0390502200733533
GDPa1-194,HIC,Embeddings,Ridge,2,3.05,2.476349712928176
GDPa1-195,HIC,Embeddings,Ridge,2,2.67,2.3599885355753734
GDPa1-202,HIC,Embeddings,Ridge,2,3.115,2.921814011884881
GDPa1-210,HIC,Embeddings,Ridge,2,3.18,3.3029731364165897
GDPa1-214,HIC,Embeddings,Ridge,2,3.025,3.484645206397603
GDPa1-220,HIC,Embeddings,Ridge,2,2.575,3.1331848455713946
GDPa1-224,HIC,Embeddings,Ridge,2,3.085,2.9742954202479623
GDPa1-228,HIC,Embeddings,Ridge,2,2.5,2.9856878776590636
GDPa1-229,HIC,Embeddings,Ridge,2,2.87,2.2131966980042534
GDPa1-231,HIC,Embeddings,Ridge,2,2.9800000000000004,2.8072088320229374
GDPa1-232,HIC,Embeddings,Ridge,2,3.0700000000000003,2.6544998092977568
GDPa1-233,HIC,Embeddings,Ridge,2,3.14,2.432485461587881
GDPa1-234,HIC,Embeddings,Ridge,2,3.105,3.2296803684218687
GDPa1-007,HIC,Embeddings,Ridge,3,2.45,2.1311305255770634
GDPa1-010,HIC,Embeddings,Ridge,3,3.155,3.6533746925587796
GDPa1-012,HIC,Embeddings,Ridge,3,2.4800000000000004,2.9577583410508113
GDPa1-024,HIC,Embeddings,Ridge,3,2.4450000000000003,3.3289444501500975
GDPa1-037,HIC,Embeddings,Ridge,3,2.72,2.9482387466607123
GDPa1-038,HIC,Embeddings,Ridge,3,2.66,3.4210319207825397
GDPa1-040,HIC,Embeddings,Ridge,3,3.13,3.0078483245018774
GDPa1-043,HIC,Embeddings,Ridge,3,3.4,3.0459972577040686
GDPa1-055,HIC,Embeddings,Ridge,3,2.7300000000000004,2.8091125014075042
GDPa1-058,HIC,Embeddings,Ridge,3,2.535,3.158456060306023
GDPa1-077,HIC,Embeddings,Ridge,3,2.825,3.2646390949569266
GDPa1-081,HIC,Embeddings,Ridge,3,2.8600000000000003,2.3748094326287985
GDPa1-090,HIC,Embeddings,Ridge,3,3.0700000000000003,3.2426350286367867
GDPa1-094,HIC,Embeddings,Ridge,3,2.585,2.582775786826036
GDPa1-100,HIC,Embeddings,Ridge,3,2.525,2.4089902710853393
GDPa1-104,HIC,Embeddings,Ridge,3,3.17,2.6144494739631297
GDPa1-108,HIC,Embeddings,Ridge,3,2.635,2.4900968292658545
GDPa1-109,HIC,Embeddings,Ridge,3,2.94,2.4612578546546917
GDPa1-116,HIC,Embeddings,Ridge,3,2.46,2.2862366929869804
GDPa1-123,HIC,Embeddings,Ridge,3,2.435,2.7515234761148606
GDPa1-125,HIC,Embeddings,Ridge,3,3.725,3.6039646857705474
GDPa1-127,HIC,Embeddings,Ridge,3,4.5,3.7182663227901656
GDPa1-136,HIC,Embeddings,Ridge,3,2.5700000000000003,2.3240388716176397
GDPa1-144,HIC,Embeddings,Ridge,3,2.6950000000000003,2.5696660829331557
GDPa1-147,HIC,Embeddings,Ridge,3,3.01,2.682651329102103
GDPa1-156,HIC,Embeddings,Ridge,3,2.93,3.1620905577668568
GDPa1-163,HIC,Embeddings,Ridge,3,2.52,3.0098358604183297
GDPa1-166,HIC,Embeddings,Ridge,3,3.08,2.7613409818386376
GDPa1-168,HIC,Embeddings,Ridge,3,2.5700000000000003,2.2928717495277007
GDPa1-173,HIC,Embeddings,Ridge,3,2.845,2.924222623012403
GDPa1-192,HIC,Embeddings,Ridge,3,2.6500000000000004,2.5365515880047154
GDPa1-198,HIC,Embeddings,Ridge,3,2.62,2.7704314379936092
GDPa1-204,HIC,Embeddings,Ridge,3,2.875,3.16989622087357
GDPa1-206,HIC,Embeddings,Ridge,3,2.6100000000000003,2.831211337941132
GDPa1-207,HIC,Embeddings,Ridge,3,3.165,3.6983878353229747
GDPa1-212,HIC,Embeddings,Ridge,3,2.62,2.594423918186483
GDPa1-213,HIC,Embeddings,Ridge,3,2.635,2.857433529108504
GDPa1-217,HIC,Embeddings,Ridge,3,2.9850000000000003,2.841089084965249
GDPa1-221,HIC,Embeddings,Ridge,3,2.78,3.758388474064271
GDPa1-226,HIC,Embeddings,Ridge,3,2.545,1.745446071783527
GDPa1-235,HIC,Embeddings,Ridge,3,2.45,3.1904954858408305
GDPa1-236,HIC,Embeddings,Ridge,3,3.035,3.315934942562409
GDPa1-239,HIC,Embeddings,Ridge,3,2.775,3.102031781591704
GDPa1-245,HIC,Embeddings,Ridge,3,2.66,2.743359204404738
GDPa1-011,HIC,Embeddings,Ridge,4,2.81,2.8297927850349187
GDPa1-015,HIC,Embeddings,Ridge,4,3.115,2.8120527529229955
GDPa1-020,HIC,Embeddings,Ridge,4,2.91,2.850448534879054
GDPa1-025,HIC,Embeddings,Ridge,4,2.83,2.8900070883828954
GDPa1-030,HIC,Embeddings,Ridge,4,4.5,3.431967218215109
GDPa1-031,HIC,Embeddings,Ridge,4,3.025,3.342572360845246
GDPa1-032,HIC,Embeddings,Ridge,4,2.58,3.0612264597227474
GDPa1-034,HIC,Embeddings,Ridge,4,2.87,3.5996308875846665
GDPa1-035,HIC,Embeddings,Ridge,4,2.62,2.7318334093151195
GDPa1-045,HIC,Embeddings,Ridge,4,3.265,3.327558000225386
GDPa1-047,HIC,Embeddings,Ridge,4,2.465,2.6772016507199825
GDPa1-049,HIC,Embeddings,Ridge,4,2.865,2.7862651367011013
GDPa1-050,HIC,Embeddings,Ridge,4,2.89,3.0778633616158046
GDPa1-052,HIC,Embeddings,Ridge,4,2.59,3.342058566141872
GDPa1-057,HIC,Embeddings,Ridge,4,2.43,2.1890762870026785
GDPa1-059,HIC,Embeddings,Ridge,4,2.745,2.1778487454467883
GDPa1-063,HIC,Embeddings,Ridge,4,2.915,2.805955831020727
GDPa1-068,HIC,Embeddings,Ridge,4,2.615,3.3029263461906906
GDPa1-071,HIC,Embeddings,Ridge,4,2.795,2.907800053311925
GDPa1-084,HIC,Embeddings,Ridge,4,3.305,3.0865272247329383
GDPa1-085,HIC,Embeddings,Ridge,4,2.62,3.4299952339806317
GDPa1-089,HIC,Embeddings,Ridge,4,3.585,3.004018262728809
GDPa1-093,HIC,Embeddings,Ridge,4,3.4000000000000004,2.899246979736535
GDPa1-103,HIC,Embeddings,Ridge,4,3.17,2.830860889549078
GDPa1-105,HIC,Embeddings,Ridge,4,3.01,3.1834938947338474
GDPa1-117,HIC,Embeddings,Ridge,4,3.08,2.7873660082849714
GDPa1-118,HIC,Embeddings,Ridge,4,2.615,2.7727666651637035
GDPa1-124,HIC,Embeddings,Ridge,4,2.5,2.804365182674794
GDPa1-132,HIC,Embeddings,Ridge,4,2.96,3.180472299950793
GDPa1-137,HIC,Embeddings,Ridge,4,2.49,1.9780636919190235
GDPa1-139,HIC,Embeddings,Ridge,4,2.6500000000000004,2.994520592182564
GDPa1-140,HIC,Embeddings,Ridge,4,2.7350000000000003,2.663210801955167
GDPa1-143,HIC,Embeddings,Ridge,4,2.45,3.1290790555479324
GDPa1-145,HIC,Embeddings,Ridge,4,2.47,2.6724553829775246
GDPa1-151,HIC,Embeddings,Ridge,4,2.805,3.0097688632173565
GDPa1-153,HIC,Embeddings,Ridge,4,2.9450000000000003,3.0237823123646024
GDPa1-157,HIC,Embeddings,Ridge,4,2.955,2.7537483784913106
GDPa1-167,HIC,Embeddings,Ridge,4,2.8200000000000003,2.8499139325692227
GDPa1-178,HIC,Embeddings,Ridge,4,2.55,2.443138372687436
GDPa1-180,HIC,Embeddings,Ridge,4,2.9000000000000004,3.05403058193458
GDPa1-183,HIC,Embeddings,Ridge,4,2.835,3.009169264904677
GDPa1-205,HIC,Embeddings,Ridge,4,2.84,2.8669867424160222
GDPa1-208,HIC,Embeddings,Ridge,4,2.965,2.7772930532635716
GDPa1-216,HIC,Embeddings,Ridge,4,2.46,2.576425169358624
GDPa1-218,HIC,Embeddings,Ridge,4,2.685,2.942688686780855
GDPa1-227,HIC,Embeddings,Ridge,4,2.665,2.95710263844095
GDPa1-240,HIC,Embeddings,Ridge,4,3.095,2.976913539992557
GDPa1-243,HIC,Embeddings,Ridge,4,4.5,3.0358074806684954
GDPa1-246,HIC,Embeddings,Ridge,4,2.53,2.8854509881387416
GDPa1-002,HIC,Global,Ridge,0,2.545,2.908212477997162
GDPa1-004,HIC,Global,Ridge,0,2.565,2.735683545512596
GDPa1-005,HIC,Global,Ridge,0,2.495,2.839244734685232
GDPa1-006,HIC,Global,Ridge,0,2.46,2.4748871369467547
GDPa1-013,HIC,Global,Ridge,0,2.7350000000000003,3.0552353322588672
GDPa1-014,HIC,Global,Ridge,0,3.755,2.962936075436312
GDPa1-023,HIC,Global,Ridge,0,3.1950000000000003,3.280811301520574
GDPa1-026,HIC,Global,Ridge,0,2.83,2.930587128393991
GDPa1-029,HIC,Global,Ridge,0,2.76,2.3875764687787346
GDPa1-042,HIC,Global,Ridge,0,3.18,3.23320001610388
GDPa1-046,HIC,Global,Ridge,0,2.685,2.87548268131581
GDPa1-051,HIC,Global,Ridge,0,2.4450000000000003,2.691687955626144
GDPa1-053,HIC,Global,Ridge,0,2.48,2.6566099703002686
GDPa1-060,HIC,Global,Ridge,0,2.71,2.821502371562674
GDPa1-062,HIC,Global,Ridge,0,2.79,2.9603231219892403
GDPa1-065,HIC,Global,Ridge,0,2.865,3.1268155621140057
GDPa1-066,HIC,Global,Ridge,0,2.505,2.7309047128142887
GDPa1-069,HIC,Global,Ridge,0,2.915,2.9764685237814517
GDPa1-072,HIC,Global,Ridge,0,2.785,2.479984772266176
GDPa1-073,HIC,Global,Ridge,0,2.79,3.0092851814568227
GDPa1-076,HIC,Global,Ridge,0,3.68,2.437765882961717
GDPa1-079,HIC,Global,Ridge,0,2.585,2.7421090731827986
GDPa1-083,HIC,Global,Ridge,0,2.77,2.6423356112430216
GDPa1-087,HIC,Global,Ridge,0,3.05,3.0215528100633753
GDPa1-092,HIC,Global,Ridge,0,2.975,2.9029114286078186
GDPa1-097,HIC,Global,Ridge,0,3.395,2.8377188716277897
GDPa1-111,HIC,Global,Ridge,0,2.76,2.953251252561457
GDPa1-120,HIC,Global,Ridge,0,2.615,2.694226921839814
GDPa1-131,HIC,Global,Ridge,0,2.6900000000000004,2.756164769438623
GDPa1-138,HIC,Global,Ridge,0,2.675,2.470998461954305
GDPa1-142,HIC,Global,Ridge,0,2.81,2.982375847595494
GDPa1-146,HIC,Global,Ridge,0,2.75,2.723917197224554
GDPa1-154,HIC,Global,Ridge,0,2.8600000000000003,3.11745146901231
GDPa1-159,HIC,Global,Ridge,0,2.64,2.982632681749441
GDPa1-161,HIC,Global,Ridge,0,2.76,3.0954351837237772
GDPa1-172,HIC,Global,Ridge,0,2.56,2.7484785773628277
GDPa1-175,HIC,Global,Ridge,0,2.815,3.050030664221343
GDPa1-177,HIC,Global,Ridge,0,2.565,2.9037547782970856
GDPa1-179,HIC,Global,Ridge,0,2.4800000000000004,2.789248188559071
GDPa1-181,HIC,Global,Ridge,0,2.6100000000000003,2.7109211561215973
GDPa1-182,HIC,Global,Ridge,0,3.055,2.9373530782422947
GDPa1-187,HIC,Global,Ridge,0,2.635,2.934724526122083
GDPa1-188,HIC,Global,Ridge,0,3.365,3.3546769658796105
GDPa1-196,HIC,Global,Ridge,0,2.565,2.8700862352840497
GDPa1-197,HIC,Global,Ridge,0,2.9850000000000003,2.906687020297398
GDPa1-200,HIC,Global,Ridge,0,2.495,2.6069460796100157
GDPa1-209,HIC,Global,Ridge,0,3.06,2.8067693007677916
GDPa1-222,HIC,Global,Ridge,0,2.885,2.697151204718064
GDPa1-225,HIC,Global,Ridge,0,2.625,2.874318936831746
GDPa1-230,HIC,Global,Ridge,0,2.675,2.732571330288029
GDPa1-238,HIC,Global,Ridge,0,2.585,2.7937739026660275
GDPa1-242,HIC,Global,Ridge,0,2.495,2.7871544171069575
GDPa1-244,HIC,Global,Ridge,0,2.59,2.8139053641743677
GDPa1-016,HIC,Global,Ridge,1,2.46,2.5353266003842507
GDPa1-019,HIC,Global,Ridge,1,2.79,2.479976360720704
GDPa1-021,HIC,Global,Ridge,1,2.7350000000000003,2.546114845457806
GDPa1-022,HIC,Global,Ridge,1,2.72,2.4687265746653124
GDPa1-036,HIC,Global,Ridge,1,2.565,2.6856850774714083
GDPa1-039,HIC,Global,Ridge,1,3.1,3.1061058244633917
GDPa1-041,HIC,Global,Ridge,1,2.7300000000000004,2.813588616351318
GDPa1-044,HIC,Global,Ridge,1,2.815,2.890230729209151
GDPa1-054,HIC,Global,Ridge,1,2.58,2.4579542979743216
GDPa1-061,HIC,Global,Ridge,1,2.96,3.0839086672607
GDPa1-070,HIC,Global,Ridge,1,2.845,2.539031968142453
GDPa1-074,HIC,Global,Ridge,1,3.5700000000000003,2.8757898754376265
GDPa1-075,HIC,Global,Ridge,1,2.545,2.7710393547113004
GDPa1-080,HIC,Global,Ridge,1,2.6900000000000004,2.7962208358884486
GDPa1-082,HIC,Global,Ridge,1,2.66,2.8513357533882777
GDPa1-096,HIC,Global,Ridge,1,2.54,2.869689157044866
GDPa1-098,HIC,Global,Ridge,1,2.4800000000000004,2.552500497887852
GDPa1-101,HIC,Global,Ridge,1,3.8,3.1728090910674966
GDPa1-107,HIC,Global,Ridge,1,2.795,2.5229292621054102
GDPa1-115,HIC,Global,Ridge,1,2.975,2.7404787563287156
GDPa1-119,HIC,Global,Ridge,1,2.575,2.6927964642464395
GDPa1-126,HIC,Global,Ridge,1,3.055,2.690249938271505
GDPa1-129,HIC,Global,Ridge,1,2.555,2.718892050185798
GDPa1-130,HIC,Global,Ridge,1,2.9850000000000003,2.7404787563287156
GDPa1-134,HIC,Global,Ridge,1,2.6900000000000004,2.6715517660437174
GDPa1-141,HIC,Global,Ridge,1,2.705,3.013557562784202
GDPa1-149,HIC,Global,Ridge,1,2.73,2.7036043188841767
GDPa1-152,HIC,Global,Ridge,1,2.82,2.444942730228345
GDPa1-158,HIC,Global,Ridge,1,2.84,2.9899348412783033
GDPa1-164,HIC,Global,Ridge,1,2.9,2.757560046874471
GDPa1-165,HIC,Global,Ridge,1,2.505,2.6921254543660473
GDPa1-169,HIC,Global,Ridge,1,3.2,2.350124218326199
GDPa1-170,HIC,Global,Ridge,1,2.605,2.7091354357349093
GDPa1-171,HIC,Global,Ridge,1,2.74,2.7655052904206685
GDPa1-176,HIC,Global,Ridge,1,2.54,2.993130071610433
GDPa1-185,HIC,Global,Ridge,1,2.515,2.7657822842180066
GDPa1-190,HIC,Global,Ridge,1,2.845,2.8548047647350336
GDPa1-191,HIC,Global,Ridge,1,3.33,3.1359909141377655
GDPa1-193,HIC,Global,Ridge,1,2.8600000000000003,2.561064156312315
GDPa1-199,HIC,Global,Ridge,1,2.575,2.8762291189318945
GDPa1-201,HIC,Global,Ridge,1,2.5700000000000003,2.8819608495260014
GDPa1-203,HIC,Global,Ridge,1,2.745,2.772723519227417
GDPa1-211,HIC,Global,Ridge,1,2.53,2.730721615795829
GDPa1-215,HIC,Global,Ridge,1,3.06,2.7946036837197132
GDPa1-219,HIC,Global,Ridge,1,2.465,2.2542349396069614
GDPa1-223,HIC,Global,Ridge,1,3.1,2.8239982096949086
GDPa1-237,HIC,Global,Ridge,1,2.58,2.7099985991110147
GDPa1-241,HIC,Global,Ridge,1,3.16,2.765760243401942
GDPa1-001,HIC,Global,Ridge,2,2.59,2.7524127642201095
GDPa1-003,HIC,Global,Ridge,2,2.705,2.8849304819504424
GDPa1-008,HIC,Global,Ridge,2,2.535,2.7258161132569767
GDPa1-009,HIC,Global,Ridge,2,2.67,2.4330922629233815
GDPa1-017,HIC,Global,Ridge,2,2.635,2.6785508957098423
GDPa1-018,HIC,Global,Ridge,2,3.085,2.526115483716069
GDPa1-027,HIC,Global,Ridge,2,2.6,2.669255778545888
GDPa1-033,HIC,Global,Ridge,2,2.5,2.688881442157142
GDPa1-048,HIC,Global,Ridge,2,2.51,2.9177235862657267
GDPa1-056,HIC,Global,Ridge,2,2.67,2.9145267024265085
GDPa1-064,HIC,Global,Ridge,2,2.63,2.8986436143222485
GDPa1-067,HIC,Global,Ridge,2,3.4400000000000004,3.0186039042129718
GDPa1-078,HIC,Global,Ridge,2,2.4850000000000003,2.632587636095925
GDPa1-086,HIC,Global,Ridge,2,2.99,2.962300251464044
GDPa1-088,HIC,Global,Ridge,2,2.555,2.69169192217709
GDPa1-091,HIC,Global,Ridge,2,2.5700000000000003,2.971750318529833
GDPa1-095,HIC,Global,Ridge,2,2.465,2.825420857710718
GDPa1-099,HIC,Global,Ridge,2,2.545,2.6793393932193323
GDPa1-102,HIC,Global,Ridge,2,3.175,3.013995934582193
GDPa1-106,HIC,Global,Ridge,2,3.28,3.1121295380229173
GDPa1-112,HIC,Global,Ridge,2,2.63,2.7312483465394104
GDPa1-113,HIC,Global,Ridge,2,3.22,3.0346325602004938
GDPa1-114,HIC,Global,Ridge,2,3.185,2.8967192530349477
GDPa1-121,HIC,Global,Ridge,2,2.5,2.727426396317594
GDPa1-122,HIC,Global,Ridge,2,3.4850000000000003,2.8597239678851127
GDPa1-128,HIC,Global,Ridge,2,2.515,2.9106350909162098
GDPa1-133,HIC,Global,Ridge,2,2.715,2.6319189085277532
GDPa1-135,HIC,Global,Ridge,2,2.925,3.0056429309272823
GDPa1-148,HIC,Global,Ridge,2,2.755,2.915734404052609
GDPa1-155,HIC,Global,Ridge,2,2.7350000000000003,2.827305370150117
GDPa1-160,HIC,Global,Ridge,2,2.535,2.7292916578805766
GDPa1-162,HIC,Global,Ridge,2,2.605,2.8409182259310057
GDPa1-184,HIC,Global,Ridge,2,2.91,2.968281118623758
GDPa1-186,HIC,Global,Ridge,2,2.675,2.895054501213381
GDPa1-189,HIC,Global,Ridge,2,3.155,3.0145771880137855
GDPa1-194,HIC,Global,Ridge,2,3.05,2.9028639025847465
GDPa1-195,HIC,Global,Ridge,2,2.67,2.5849871766113623
GDPa1-202,HIC,Global,Ridge,2,3.115,3.395410505790953
GDPa1-210,HIC,Global,Ridge,2,3.18,3.4682425860696156
GDPa1-214,HIC,Global,Ridge,2,3.025,3.0616647835848854
GDPa1-220,HIC,Global,Ridge,2,2.575,2.592499123227843
GDPa1-224,HIC,Global,Ridge,2,3.085,2.8554539007945015
GDPa1-228,HIC,Global,Ridge,2,2.5,2.650422238248196
GDPa1-229,HIC,Global,Ridge,2,2.87,3.0212618117454273
GDPa1-231,HIC,Global,Ridge,2,2.9800000000000004,2.9802212960816283
GDPa1-232,HIC,Global,Ridge,2,3.0700000000000003,3.0203198201035537
GDPa1-233,HIC,Global,Ridge,2,3.14,2.9471087853939073
GDPa1-234,HIC,Global,Ridge,2,3.105,3.2093663496245064
GDPa1-007,HIC,Global,Ridge,3,2.45,2.520929585463157
GDPa1-010,HIC,Global,Ridge,3,3.155,2.6590190036971193
GDPa1-012,HIC,Global,Ridge,3,2.4800000000000004,2.7587786876728564
GDPa1-024,HIC,Global,Ridge,3,2.4450000000000003,2.8791897638758877
GDPa1-037,HIC,Global,Ridge,3,2.72,2.9833953839909966
GDPa1-038,HIC,Global,Ridge,3,2.66,2.7419204302058207
GDPa1-040,HIC,Global,Ridge,3,3.13,2.7697611659367287
GDPa1-043,HIC,Global,Ridge,3,3.4,2.854163505879919
GDPa1-055,HIC,Global,Ridge,3,2.7300000000000004,2.951068489282694
GDPa1-058,HIC,Global,Ridge,3,2.535,3.019405532079798
GDPa1-077,HIC,Global,Ridge,3,2.825,3.0947888832638526
GDPa1-081,HIC,Global,Ridge,3,2.8600000000000003,2.7473892920684246
GDPa1-090,HIC,Global,Ridge,3,3.0700000000000003,2.9738069220636767
GDPa1-094,HIC,Global,Ridge,3,2.585,2.871987109691179
GDPa1-100,HIC,Global,Ridge,3,2.525,2.593896093001928
GDPa1-104,HIC,Global,Ridge,3,3.17,3.1450963269806382
GDPa1-108,HIC,Global,Ridge,3,2.635,2.8210174847534795
GDPa1-109,HIC,Global,Ridge,3,2.94,2.5932876239203058
GDPa1-116,HIC,Global,Ridge,3,2.46,2.4456686600252526
GDPa1-123,HIC,Global,Ridge,3,2.435,2.645609236775027
GDPa1-125,HIC,Global,Ridge,3,3.725,3.2041986638499798
GDPa1-127,HIC,Global,Ridge,3,4.5,3.0116520920636654
GDPa1-136,HIC,Global,Ridge,3,2.5700000000000003,2.826933637776336
GDPa1-144,HIC,Global,Ridge,3,2.6950000000000003,3.0199536823845605
GDPa1-147,HIC,Global,Ridge,3,3.01,3.0849777715851574
GDPa1-156,HIC,Global,Ridge,3,2.93,3.1689914027071002
GDPa1-163,HIC,Global,Ridge,3,2.52,2.833567831651696
GDPa1-166,HIC,Global,Ridge,3,3.08,2.6964868801981186
GDPa1-168,HIC,Global,Ridge,3,2.5700000000000003,3.233574102615816
GDPa1-173,HIC,Global,Ridge,3,2.845,2.915408685485479
GDPa1-192,HIC,Global,Ridge,3,2.6500000000000004,2.992013715467301
GDPa1-198,HIC,Global,Ridge,3,2.62,2.7558844365000743
GDPa1-204,HIC,Global,Ridge,3,2.875,3.1728291977869043
GDPa1-206,HIC,Global,Ridge,3,2.6100000000000003,2.8410032292914034
GDPa1-207,HIC,Global,Ridge,3,3.165,3.1039179312992102
GDPa1-212,HIC,Global,Ridge,3,2.62,2.612882653854994
GDPa1-213,HIC,Global,Ridge,3,2.635,2.849538548312283
GDPa1-217,HIC,Global,Ridge,3,2.9850000000000003,2.7544120535134855
GDPa1-221,HIC,Global,Ridge,3,2.78,2.8475764921696305
GDPa1-226,HIC,Global,Ridge,3,2.545,2.7521737494103666
GDPa1-235,HIC,Global,Ridge,3,2.45,2.818045096311878
GDPa1-236,HIC,Global,Ridge,3,3.035,3.28725136587452
GDPa1-239,HIC,Global,Ridge,3,2.775,2.8670457716413913
GDPa1-245,HIC,Global,Ridge,3,2.66,2.907779889342493
GDPa1-011,HIC,Global,Ridge,4,2.81,2.7377951826533717
GDPa1-015,HIC,Global,Ridge,4,3.115,2.6842221605514407
GDPa1-020,HIC,Global,Ridge,4,2.91,2.545108889586335
GDPa1-025,HIC,Global,Ridge,4,2.83,2.6981213261041272
GDPa1-030,HIC,Global,Ridge,4,4.5,2.991748727969552
GDPa1-031,HIC,Global,Ridge,4,3.025,3.140038429721879
GDPa1-032,HIC,Global,Ridge,4,2.58,2.388689009058175
GDPa1-034,HIC,Global,Ridge,4,2.87,2.8177912901276447
GDPa1-035,HIC,Global,Ridge,4,2.62,2.7687388515978246
GDPa1-045,HIC,Global,Ridge,4,3.265,2.858220213273552
GDPa1-047,HIC,Global,Ridge,4,2.465,2.5112854788961645
GDPa1-049,HIC,Global,Ridge,4,2.865,2.7871919480038727
GDPa1-050,HIC,Global,Ridge,4,2.89,2.7208476148705194
GDPa1-052,HIC,Global,Ridge,4,2.59,3.0131379495422816
GDPa1-057,HIC,Global,Ridge,4,2.43,2.748737613283577
GDPa1-059,HIC,Global,Ridge,4,2.745,2.4018233961909954
GDPa1-063,HIC,Global,Ridge,4,2.915,2.8068406906658883
GDPa1-068,HIC,Global,Ridge,4,2.615,2.7433406432517002
GDPa1-071,HIC,Global,Ridge,4,2.795,2.745274437492668
GDPa1-084,HIC,Global,Ridge,4,3.305,2.794505376549414
GDPa1-085,HIC,Global,Ridge,4,2.62,2.7557770975354923
GDPa1-089,HIC,Global,Ridge,4,3.585,3.123635946057753
GDPa1-093,HIC,Global,Ridge,4,3.4000000000000004,3.0607802404113933
GDPa1-103,HIC,Global,Ridge,4,3.17,2.925779017569102
GDPa1-105,HIC,Global,Ridge,4,3.01,2.8731032479125598
GDPa1-117,HIC,Global,Ridge,4,3.08,2.643135558539592
GDPa1-118,HIC,Global,Ridge,4,2.615,2.7646666267278968
GDPa1-124,HIC,Global,Ridge,4,2.5,2.567875658739876
GDPa1-132,HIC,Global,Ridge,4,2.96,2.629227790221095
GDPa1-137,HIC,Global,Ridge,4,2.49,2.635514554500189
GDPa1-139,HIC,Global,Ridge,4,2.6500000000000004,2.84702538720455
GDPa1-140,HIC,Global,Ridge,4,2.7350000000000003,2.895974612206396
GDPa1-143,HIC,Global,Ridge,4,2.45,2.7596729949172585
GDPa1-145,HIC,Global,Ridge,4,2.47,2.6267008894324526
GDPa1-151,HIC,Global,Ridge,4,2.805,2.937625277879858
GDPa1-153,HIC,Global,Ridge,4,2.9450000000000003,2.9514009421916096
GDPa1-157,HIC,Global,Ridge,4,2.955,2.6070978183928117
GDPa1-167,HIC,Global,Ridge,4,2.8200000000000003,2.598968300957113
GDPa1-178,HIC,Global,Ridge,4,2.55,2.5938455589383795
GDPa1-180,HIC,Global,Ridge,4,2.9000000000000004,2.6591791848888553
GDPa1-183,HIC,Global,Ridge,4,2.835,2.8831027442298414
GDPa1-205,HIC,Global,Ridge,4,2.84,2.7661558992112485
GDPa1-208,HIC,Global,Ridge,4,2.965,2.8342118827132787
GDPa1-216,HIC,Global,Ridge,4,2.46,2.7991912638317973
GDPa1-218,HIC,Global,Ridge,4,2.685,2.5375875922251927
GDPa1-227,HIC,Global,Ridge,4,2.665,2.7704805985451926
GDPa1-240,HIC,Global,Ridge,4,3.095,2.824732414701621
GDPa1-243,HIC,Global,Ridge,4,4.5,2.862806673097146
GDPa1-246,HIC,Global,Ridge,4,2.53,2.7359711119683787
GDPa1-002,HIC,Region,Ridge,0,2.545,2.9836306689456658
GDPa1-004,HIC,Region,Ridge,0,2.565,2.6265215236742865
GDPa1-005,HIC,Region,Ridge,0,2.495,2.8274301634052583
GDPa1-006,HIC,Region,Ridge,0,2.46,2.2482892517268653
GDPa1-013,HIC,Region,Ridge,0,2.7350000000000003,3.0552072348201014
GDPa1-014,HIC,Region,Ridge,0,3.755,2.7172809133315483
GDPa1-023,HIC,Region,Ridge,0,3.1950000000000003,3.160034171567965
GDPa1-026,HIC,Region,Ridge,0,2.83,2.833519672729159
GDPa1-029,HIC,Region,Ridge,0,2.76,2.561605778908107
GDPa1-042,HIC,Region,Ridge,0,3.18,2.925771752753279
GDPa1-046,HIC,Region,Ridge,0,2.685,2.54192298123104
GDPa1-051,HIC,Region,Ridge,0,2.4450000000000003,2.7332406492579966
GDPa1-053,HIC,Region,Ridge,0,2.48,2.8614171321373334
GDPa1-060,HIC,Region,Ridge,0,2.71,2.9538729070495364
GDPa1-062,HIC,Region,Ridge,0,2.79,3.307566667419759
GDPa1-065,HIC,Region,Ridge,0,2.865,3.0677949198424193
GDPa1-066,HIC,Region,Ridge,0,2.505,2.615473415310528
GDPa1-069,HIC,Region,Ridge,0,2.915,3.175466356773253
GDPa1-072,HIC,Region,Ridge,0,2.785,2.1441311068374986
GDPa1-073,HIC,Region,Ridge,0,2.79,3.19073829838063
GDPa1-076,HIC,Region,Ridge,0,3.68,3.000070017610955
GDPa1-079,HIC,Region,Ridge,0,2.585,2.5402668761053993
GDPa1-083,HIC,Region,Ridge,0,2.77,2.5642834994315495
GDPa1-087,HIC,Region,Ridge,0,3.05,3.1817114287103134
GDPa1-092,HIC,Region,Ridge,0,2.975,3.0996389120648242
GDPa1-097,HIC,Region,Ridge,0,3.395,2.9110564152834373
GDPa1-111,HIC,Region,Ridge,0,2.76,2.9538218804522764
GDPa1-120,HIC,Region,Ridge,0,2.615,2.693525864417646
GDPa1-131,HIC,Region,Ridge,0,2.6900000000000004,2.13554956441353
GDPa1-138,HIC,Region,Ridge,0,2.675,2.5466241264727243
GDPa1-142,HIC,Region,Ridge,0,2.81,3.1249221031895305
GDPa1-146,HIC,Region,Ridge,0,2.75,2.782874047087337
GDPa1-154,HIC,Region,Ridge,0,2.8600000000000003,3.119017892124237
GDPa1-159,HIC,Region,Ridge,0,2.64,2.7397872120287605
GDPa1-161,HIC,Region,Ridge,0,2.76,2.9235909808442595
GDPa1-172,HIC,Region,Ridge,0,2.56,2.5897392285912186
GDPa1-175,HIC,Region,Ridge,0,2.815,3.0507733493348703
GDPa1-177,HIC,Region,Ridge,0,2.565,2.8785292383111365
GDPa1-179,HIC,Region,Ridge,0,2.4800000000000004,2.460846353701569
GDPa1-181,HIC,Region,Ridge,0,2.6100000000000003,2.6100265984050384
GDPa1-182,HIC,Region,Ridge,0,3.055,2.6440384768665948
GDPa1-187,HIC,Region,Ridge,0,2.635,3.122593074918119
GDPa1-188,HIC,Region,Ridge,0,3.365,3.1638005886269562
GDPa1-196,HIC,Region,Ridge,0,2.565,2.719470968936321
GDPa1-197,HIC,Region,Ridge,0,2.9850000000000003,2.949270871089646
GDPa1-200,HIC,Region,Ridge,0,2.495,2.3988152622005527
GDPa1-209,HIC,Region,Ridge,0,3.06,2.94360760157871
GDPa1-222,HIC,Region,Ridge,0,2.885,2.7119387099280323
GDPa1-225,HIC,Region,Ridge,0,2.625,2.949825238431332
GDPa1-230,HIC,Region,Ridge,0,2.675,2.9640612385328025
GDPa1-238,HIC,Region,Ridge,0,2.585,3.0295829074090217
GDPa1-242,HIC,Region,Ridge,0,2.495,3.006619686556785
GDPa1-244,HIC,Region,Ridge,0,2.59,2.9746998880416733
GDPa1-016,HIC,Region,Ridge,1,2.46,2.7160990659625357
GDPa1-019,HIC,Region,Ridge,1,2.79,2.6615516332542133
GDPa1-021,HIC,Region,Ridge,1,2.7350000000000003,2.655161240017782
GDPa1-022,HIC,Region,Ridge,1,2.72,2.4328329776445377
GDPa1-036,HIC,Region,Ridge,1,2.565,2.602475933088403
GDPa1-039,HIC,Region,Ridge,1,3.1,2.7952354064991862
GDPa1-041,HIC,Region,Ridge,1,2.7300000000000004,2.679498622047433
GDPa1-044,HIC,Region,Ridge,1,2.815,3.2652200691898896
GDPa1-054,HIC,Region,Ridge,1,2.58,2.2906938237106473
GDPa1-061,HIC,Region,Ridge,1,2.96,3.0437252235634222
GDPa1-070,HIC,Region,Ridge,1,2.845,2.6634033202812035
GDPa1-074,HIC,Region,Ridge,1,3.5700000000000003,3.0949209763634427
GDPa1-075,HIC,Region,Ridge,1,2.545,2.693202008283291
GDPa1-080,HIC,Region,Ridge,1,2.6900000000000004,2.7465796599679195
GDPa1-082,HIC,Region,Ridge,1,2.66,2.8549446216758225
GDPa1-096,HIC,Region,Ridge,1,2.54,2.4688884959479696
GDPa1-098,HIC,Region,Ridge,1,2.4800000000000004,2.664718848890898
GDPa1-101,HIC,Region,Ridge,1,3.8,3.50607995193077
GDPa1-107,HIC,Region,Ridge,1,2.795,2.6191672590329826
GDPa1-115,HIC,Region,Ridge,1,2.975,2.9388434310266143
GDPa1-119,HIC,Region,Ridge,1,2.575,2.6086249821600194
GDPa1-126,HIC,Region,Ridge,1,3.055,2.8845103389276607
GDPa1-129,HIC,Region,Ridge,1,2.555,2.702393158489984
GDPa1-130,HIC,Region,Ridge,1,2.9850000000000003,2.9388434310266143
GDPa1-134,HIC,Region,Ridge,1,2.6900000000000004,2.481669636069889
GDPa1-141,HIC,Region,Ridge,1,2.705,3.1989301185330405
GDPa1-149,HIC,Region,Ridge,1,2.73,2.56917701364036
GDPa1-152,HIC,Region,Ridge,1,2.82,2.516395556034311
GDPa1-158,HIC,Region,Ridge,1,2.84,2.729196737845546
GDPa1-164,HIC,Region,Ridge,1,2.9,2.3197309919781404
GDPa1-165,HIC,Region,Ridge,1,2.505,1.5778595661242036
GDPa1-169,HIC,Region,Ridge,1,3.2,1.9060690470597514
GDPa1-170,HIC,Region,Ridge,1,2.605,2.3426420596502306
GDPa1-171,HIC,Region,Ridge,1,2.74,2.5368360570851434
GDPa1-176,HIC,Region,Ridge,1,2.54,4.698139322816882
GDPa1-185,HIC,Region,Ridge,1,2.515,2.7190338674532133
GDPa1-190,HIC,Region,Ridge,1,2.845,2.830097561254496
GDPa1-191,HIC,Region,Ridge,1,3.33,3.413049700658987
GDPa1-193,HIC,Region,Ridge,1,2.8600000000000003,2.783942138788743
GDPa1-199,HIC,Region,Ridge,1,2.575,2.260992199397583
GDPa1-201,HIC,Region,Ridge,1,2.5700000000000003,2.3176681081095647
GDPa1-203,HIC,Region,Ridge,1,2.745,2.3671145053084084
GDPa1-211,HIC,Region,Ridge,1,2.53,2.6944800992345086
GDPa1-215,HIC,Region,Ridge,1,3.06,3.09221093873604
GDPa1-219,HIC,Region,Ridge,1,2.465,1.671904033068536
GDPa1-223,HIC,Region,Ridge,1,3.1,2.8884860106734176
GDPa1-237,HIC,Region,Ridge,1,2.58,2.717337648916048
GDPa1-241,HIC,Region,Ridge,1,3.16,2.7977630600146712
GDPa1-001,HIC,Region,Ridge,2,2.59,3.1019656797472095
GDPa1-003,HIC,Region,Ridge,2,2.705,2.85192446770801
GDPa1-008,HIC,Region,Ridge,2,2.535,2.3045946221751143
GDPa1-009,HIC,Region,Ridge,2,2.67,2.7105200003344225
GDPa1-017,HIC,Region,Ridge,2,2.635,2.5900687217189344
GDPa1-018,HIC,Region,Ridge,2,3.085,2.1566176057242123
GDPa1-027,HIC,Region,Ridge,2,2.6,2.6085805513809435
GDPa1-033,HIC,Region,Ridge,2,2.5,2.3780906299903024
GDPa1-048,HIC,Region,Ridge,2,2.51,2.709383565294697
GDPa1-056,HIC,Region,Ridge,2,2.67,2.9618519135143573
GDPa1-064,HIC,Region,Ridge,2,2.63,2.322034042636339
GDPa1-067,HIC,Region,Ridge,2,3.4400000000000004,3.22795444462327
GDPa1-078,HIC,Region,Ridge,2,2.4850000000000003,2.4404455624319885
GDPa1-086,HIC,Region,Ridge,2,2.99,2.066535120892989
GDPa1-088,HIC,Region,Ridge,2,2.555,2.677358945625757
GDPa1-091,HIC,Region,Ridge,2,2.5700000000000003,2.251087760723001
GDPa1-095,HIC,Region,Ridge,2,2.465,2.187761852853035
GDPa1-099,HIC,Region,Ridge,2,2.545,2.24996665952319
GDPa1-102,HIC,Region,Ridge,2,3.175,3.3435696900234824
GDPa1-106,HIC,Region,Ridge,2,3.28,3.013514022411372
GDPa1-112,HIC,Region,Ridge,2,2.63,2.8615363726372474
GDPa1-113,HIC,Region,Ridge,2,3.22,2.8041358222900667
GDPa1-114,HIC,Region,Ridge,2,3.185,3.122253609732369
GDPa1-121,HIC,Region,Ridge,2,2.5,2.9873701338247907
GDPa1-122,HIC,Region,Ridge,2,3.4850000000000003,3.0533782248458303
GDPa1-128,HIC,Region,Ridge,2,2.515,2.715158962558441
GDPa1-133,HIC,Region,Ridge,2,2.715,2.287056720504612
GDPa1-135,HIC,Region,Ridge,2,2.925,2.8670189649640503
GDPa1-148,HIC,Region,Ridge,2,2.755,2.7916239957069036
GDPa1-155,HIC,Region,Ridge,2,2.7350000000000003,2.8375444913423955
GDPa1-160,HIC,Region,Ridge,2,2.535,3.1813014537023494
GDPa1-162,HIC,Region,Ridge,2,2.605,3.4036681689009605
GDPa1-184,HIC,Region,Ridge,2,2.91,3.0693274419458136
GDPa1-186,HIC,Region,Ridge,2,2.675,2.42931222736368
GDPa1-189,HIC,Region,Ridge,2,3.155,2.7805174932464625
GDPa1-194,HIC,Region,Ridge,2,3.05,2.8654458413576736
GDPa1-195,HIC,Region,Ridge,2,2.67,2.728774325582177
GDPa1-202,HIC,Region,Ridge,2,3.115,2.7940426870303297
GDPa1-210,HIC,Region,Ridge,2,3.18,4.007275567608808
GDPa1-214,HIC,Region,Ridge,2,3.025,3.1771672516052547
GDPa1-220,HIC,Region,Ridge,2,2.575,2.6488947828952236
GDPa1-224,HIC,Region,Ridge,2,3.085,3.0947546627023503
GDPa1-228,HIC,Region,Ridge,2,2.5,2.976142913434984
GDPa1-229,HIC,Region,Ridge,2,2.87,2.7262094448758494
GDPa1-231,HIC,Region,Ridge,2,2.9800000000000004,2.1308587219639485
GDPa1-232,HIC,Region,Ridge,2,3.0700000000000003,3.273311740507272
GDPa1-233,HIC,Region,Ridge,2,3.14,3.113137092426989
GDPa1-234,HIC,Region,Ridge,2,3.105,3.469214441734107
GDPa1-007,HIC,Region,Ridge,3,2.45,2.612510215634572
GDPa1-010,HIC,Region,Ridge,3,3.155,2.9985234607055307
GDPa1-012,HIC,Region,Ridge,3,2.4800000000000004,2.7795051180228416
GDPa1-024,HIC,Region,Ridge,3,2.4450000000000003,3.101809822357418
GDPa1-037,HIC,Region,Ridge,3,2.72,3.07005920419257
GDPa1-038,HIC,Region,Ridge,3,2.66,2.8741782658506425
GDPa1-040,HIC,Region,Ridge,3,3.13,3.3258764659377897
GDPa1-043,HIC,Region,Ridge,3,3.4,3.100547953099182
GDPa1-055,HIC,Region,Ridge,3,2.7300000000000004,2.9864893705174977
GDPa1-058,HIC,Region,Ridge,3,2.535,3.35090232804772
GDPa1-077,HIC,Region,Ridge,3,2.825,3.412358810050588
GDPa1-081,HIC,Region,Ridge,3,2.8600000000000003,2.6737292754826636
GDPa1-090,HIC,Region,Ridge,3,3.0700000000000003,3.0128279427815783
GDPa1-094,HIC,Region,Ridge,3,2.585,2.828725382122529
GDPa1-100,HIC,Region,Ridge,3,2.525,2.884659166399522
GDPa1-104,HIC,Region,Ridge,3,3.17,3.701864731283509
GDPa1-108,HIC,Region,Ridge,3,2.635,2.974015462358208
GDPa1-109,HIC,Region,Ridge,3,2.94,2.498916275548216
GDPa1-116,HIC,Region,Ridge,3,2.46,2.120231040944664
GDPa1-123,HIC,Region,Ridge,3,2.435,2.6846575714935934
GDPa1-125,HIC,Region,Ridge,3,3.725,3.397064997116087
GDPa1-127,HIC,Region,Ridge,3,4.5,3.6116118639018264
GDPa1-136,HIC,Region,Ridge,3,2.5700000000000003,2.5533807978816534
GDPa1-144,HIC,Region,Ridge,3,2.6950000000000003,3.2106933235326145
GDPa1-147,HIC,Region,Ridge,3,3.01,3.2042742797245816
GDPa1-156,HIC,Region,Ridge,3,2.93,3.6547020327261603
GDPa1-163,HIC,Region,Ridge,3,2.52,2.921726860937773
GDPa1-166,HIC,Region,Ridge,3,3.08,3.3687307831780533
GDPa1-168,HIC,Region,Ridge,3,2.5700000000000003,4.986851271013682
GDPa1-173,HIC,Region,Ridge,3,2.845,2.59617592527722
GDPa1-192,HIC,Region,Ridge,3,2.6500000000000004,3.0775509511737753
GDPa1-198,HIC,Region,Ridge,3,2.62,2.8896083536159263
GDPa1-204,HIC,Region,Ridge,3,2.875,3.4348262038999877
GDPa1-206,HIC,Region,Ridge,3,2.6100000000000003,2.8552744130584653
GDPa1-207,HIC,Region,Ridge,3,3.165,3.114670898838659
GDPa1-212,HIC,Region,Ridge,3,2.62,3.1224982953075315
GDPa1-213,HIC,Region,Ridge,3,2.635,2.688266550882021
GDPa1-217,HIC,Region,Ridge,3,2.9850000000000003,2.4492895606082223
GDPa1-221,HIC,Region,Ridge,3,2.78,3.2020055955485613
GDPa1-226,HIC,Region,Ridge,3,2.545,2.5212036078294107
GDPa1-235,HIC,Region,Ridge,3,2.45,2.765617054192523
GDPa1-236,HIC,Region,Ridge,3,3.035,3.5039112261055907
GDPa1-239,HIC,Region,Ridge,3,2.775,3.026166921131571
GDPa1-245,HIC,Region,Ridge,3,2.66,2.7914662604080407
GDPa1-011,HIC,Region,Ridge,4,2.81,2.829922592468721
GDPa1-015,HIC,Region,Ridge,4,3.115,2.792408250004147
GDPa1-020,HIC,Region,Ridge,4,2.91,3.299950717129201
GDPa1-025,HIC,Region,Ridge,4,2.83,2.5340592433457054
GDPa1-030,HIC,Region,Ridge,4,4.5,3.3960574926941005
GDPa1-031,HIC,Region,Ridge,4,3.025,3.4595528685135646
GDPa1-032,HIC,Region,Ridge,4,2.58,2.3007054555266313
GDPa1-034,HIC,Region,Ridge,4,2.87,3.631851389758283
GDPa1-035,HIC,Region,Ridge,4,2.62,2.9084446211808856
GDPa1-045,HIC,Region,Ridge,4,3.265,3.169650368076566
GDPa1-047,HIC,Region,Ridge,4,2.465,2.3299721174534405
GDPa1-049,HIC,Region,Ridge,4,2.865,2.8133747009656376
GDPa1-050,HIC,Region,Ridge,4,2.89,2.555669183181869
GDPa1-052,HIC,Region,Ridge,4,2.59,3.437029092232187
GDPa1-057,HIC,Region,Ridge,4,2.43,2.5466302475203393
GDPa1-059,HIC,Region,Ridge,4,2.745,2.500870712975826
GDPa1-063,HIC,Region,Ridge,4,2.915,2.7321078507302303
GDPa1-068,HIC,Region,Ridge,4,2.615,2.6864116691171223
GDPa1-071,HIC,Region,Ridge,4,2.795,3.3187378813538677
GDPa1-084,HIC,Region,Ridge,4,3.305,2.971355496955074
GDPa1-085,HIC,Region,Ridge,4,2.62,2.9060771758394135
GDPa1-089,HIC,Region,Ridge,4,3.585,3.048626752477361
GDPa1-093,HIC,Region,Ridge,4,3.4000000000000004,2.981019564025064
GDPa1-103,HIC,Region,Ridge,4,3.17,3.0097980020299633
GDPa1-105,HIC,Region,Ridge,4,3.01,3.309908107867302
GDPa1-117,HIC,Region,Ridge,4,3.08,2.6946352333841364
GDPa1-118,HIC,Region,Ridge,4,2.615,2.66240222875322
GDPa1-124,HIC,Region,Ridge,4,2.5,2.8177773435629727
GDPa1-132,HIC,Region,Ridge,4,2.96,2.7972837231754104
GDPa1-137,HIC,Region,Ridge,4,2.49,2.480483792134908
GDPa1-139,HIC,Region,Ridge,4,2.6500000000000004,2.80338679126594
GDPa1-140,HIC,Region,Ridge,4,2.7350000000000003,3.0154976241677454
GDPa1-143,HIC,Region,Ridge,4,2.45,3.1637859356733453
GDPa1-145,HIC,Region,Ridge,4,2.47,2.5945713140264606
GDPa1-151,HIC,Region,Ridge,4,2.805,2.764569323428152
GDPa1-153,HIC,Region,Ridge,4,2.9450000000000003,3.2235815696138985
GDPa1-157,HIC,Region,Ridge,4,2.955,2.3571211878550455
GDPa1-167,HIC,Region,Ridge,4,2.8200000000000003,2.647697167643441
GDPa1-178,HIC,Region,Ridge,4,2.55,2.4164084375882062
GDPa1-180,HIC,Region,Ridge,4,2.9000000000000004,2.5758682308382754
GDPa1-183,HIC,Region,Ridge,4,2.835,3.2509366879651314
GDPa1-205,HIC,Region,Ridge,4,2.84,2.7304565158532927
GDPa1-208,HIC,Region,Ridge,4,2.965,2.567692860638726
GDPa1-216,HIC,Region,Ridge,4,2.46,2.408918623467093
GDPa1-218,HIC,Region,Ridge,4,2.685,2.655775834597988
GDPa1-227,HIC,Region,Ridge,4,2.665,2.5629789402207352
GDPa1-240,HIC,Region,Ridge,4,3.095,3.0675881435514025
GDPa1-243,HIC,Region,Ridge,4,4.5,2.9693104278898903
GDPa1-246,HIC,Region,Ridge,4,2.53,2.7476544997221133
GDPa1-002,HIC,Structure,Ridge,0,2.545,2.8782820181846924
GDPa1-004,HIC,Structure,Ridge,0,2.565,2.6930769582491227
GDPa1-005,HIC,Structure,Ridge,0,2.495,2.7499864880909315
GDPa1-006,HIC,Structure,Ridge,0,2.46,2.517575513787178
GDPa1-013,HIC,Structure,Ridge,0,2.7350000000000003,2.9831024163020943
GDPa1-014,HIC,Structure,Ridge,0,3.755,3.13493660028782
GDPa1-023,HIC,Structure,Ridge,0,3.1950000000000003,3.1503416909234674
GDPa1-026,HIC,Structure,Ridge,0,2.83,2.880007452336916
GDPa1-029,HIC,Structure,Ridge,0,2.76,2.8243255508193648
GDPa1-042,HIC,Structure,Ridge,0,3.18,3.234404933589615
GDPa1-046,HIC,Structure,Ridge,0,2.685,2.7831202841417273
GDPa1-051,HIC,Structure,Ridge,0,2.4450000000000003,2.763740997690746
GDPa1-053,HIC,Structure,Ridge,0,2.48,2.662869343108839
GDPa1-060,HIC,Structure,Ridge,0,2.71,2.88525216136793
GDPa1-062,HIC,Structure,Ridge,0,2.79,2.857317854146399
GDPa1-065,HIC,Structure,Ridge,0,2.865,2.932589234954529
GDPa1-066,HIC,Structure,Ridge,0,2.505,2.7540975807485504
GDPa1-069,HIC,Structure,Ridge,0,2.915,2.7212833774022274
GDPa1-072,HIC,Structure,Ridge,0,2.785,2.701158685851553
GDPa1-073,HIC,Structure,Ridge,0,2.79,3.0725849432020182
GDPa1-076,HIC,Structure,Ridge,0,3.68,3.0192651991131125
GDPa1-079,HIC,Structure,Ridge,0,2.585,2.5549978634900388
GDPa1-083,HIC,Structure,Ridge,0,2.77,2.632762516245003
GDPa1-087,HIC,Structure,Ridge,0,3.05,2.8794945229927023
GDPa1-092,HIC,Structure,Ridge,0,2.975,2.9556666611384887
GDPa1-097,HIC,Structure,Ridge,0,3.395,2.8982054309974647
GDPa1-111,HIC,Structure,Ridge,0,2.76,3.0165852091628422
GDPa1-120,HIC,Structure,Ridge,0,2.615,2.7016478817312457
GDPa1-131,HIC,Structure,Ridge,0,2.6900000000000004,2.8111487537997717
GDPa1-138,HIC,Structure,Ridge,0,2.675,2.747079928883583
GDPa1-142,HIC,Structure,Ridge,0,2.81,2.9957465779295553
GDPa1-146,HIC,Structure,Ridge,0,2.75,2.9207369924305864
GDPa1-154,HIC,Structure,Ridge,0,2.8600000000000003,2.9749992236174885
GDPa1-159,HIC,Structure,Ridge,0,2.64,2.7628126049717867
GDPa1-161,HIC,Structure,Ridge,0,2.76,3.0508161404258836
GDPa1-172,HIC,Structure,Ridge,0,2.56,2.8188583912365592
GDPa1-175,HIC,Structure,Ridge,0,2.815,2.89896863630354
GDPa1-177,HIC,Structure,Ridge,0,2.565,2.6593243852213844
GDPa1-179,HIC,Structure,Ridge,0,2.4800000000000004,2.656727081084758
GDPa1-181,HIC,Structure,Ridge,0,2.6100000000000003,2.9026397796242898
GDPa1-182,HIC,Structure,Ridge,0,3.055,3.045290564150865
GDPa1-187,HIC,Structure,Ridge,0,2.635,3.038804866219875
GDPa1-188,HIC,Structure,Ridge,0,3.365,3.2725495152179875
GDPa1-196,HIC,Structure,Ridge,0,2.565,2.8010466084221792
GDPa1-197,HIC,Structure,Ridge,0,2.9850000000000003,2.9957727932686113
GDPa1-200,HIC,Structure,Ridge,0,2.495,2.615260768027299
GDPa1-209,HIC,Structure,Ridge,0,3.06,2.6261040002940392
GDPa1-222,HIC,Structure,Ridge,0,2.885,2.8446644867301365
GDPa1-225,HIC,Structure,Ridge,0,2.625,2.8462065932246037
GDPa1-230,HIC,Structure,Ridge,0,2.675,2.865297770116572
GDPa1-238,HIC,Structure,Ridge,0,2.585,2.763295097272906
GDPa1-242,HIC,Structure,Ridge,0,2.495,3.1372865955876597
GDPa1-244,HIC,Structure,Ridge,0,2.59,2.841804207831157
GDPa1-016,HIC,Structure,Ridge,1,2.46,2.7703948589098304
GDPa1-019,HIC,Structure,Ridge,1,2.79,2.874244206054663
GDPa1-021,HIC,Structure,Ridge,1,2.7350000000000003,2.6687890767790075
GDPa1-022,HIC,Structure,Ridge,1,2.72,2.911375046080809
GDPa1-036,HIC,Structure,Ridge,1,2.565,2.684053192200902
GDPa1-039,HIC,Structure,Ridge,1,3.1,2.970638453496637
GDPa1-041,HIC,Structure,Ridge,1,2.7300000000000004,2.8163088462305996
GDPa1-044,HIC,Structure,Ridge,1,2.815,3.0255333470568786
GDPa1-054,HIC,Structure,Ridge,1,2.58,2.8010571157232764
GDPa1-061,HIC,Structure,Ridge,1,2.96,3.1207890208059474
GDPa1-070,HIC,Structure,Ridge,1,2.845,2.8073072512039636
GDPa1-074,HIC,Structure,Ridge,1,3.5700000000000003,3.144452029900221
GDPa1-075,HIC,Structure,Ridge,1,2.545,2.75900962683911
GDPa1-080,HIC,Structure,Ridge,1,2.6900000000000004,2.804155503192591
GDPa1-082,HIC,Structure,Ridge,1,2.66,2.8640315011397313
GDPa1-096,HIC,Structure,Ridge,1,2.54,2.9854234980450847
GDPa1-098,HIC,Structure,Ridge,1,2.4800000000000004,2.5597819598186953
GDPa1-101,HIC,Structure,Ridge,1,3.8,2.909942056730203
GDPa1-107,HIC,Structure,Ridge,1,2.795,2.5982906782331208
GDPa1-115,HIC,Structure,Ridge,1,2.975,2.8266844190265705
GDPa1-119,HIC,Structure,Ridge,1,2.575,2.7803776106248304
GDPa1-126,HIC,Structure,Ridge,1,3.055,2.8676186443523157
GDPa1-129,HIC,Structure,Ridge,1,2.555,2.682356894979403
GDPa1-130,HIC,Structure,Ridge,1,2.9850000000000003,2.7245831405889587
GDPa1-134,HIC,Structure,Ridge,1,2.6900000000000004,2.9994815545464166
GDPa1-141,HIC,Structure,Ridge,1,2.705,3.020535558944582
GDPa1-149,HIC,Structure,Ridge,1,2.73,2.775567460702115
GDPa1-152,HIC,Structure,Ridge,1,2.82,2.500908945817215
GDPa1-158,HIC,Structure,Ridge,1,2.84,3.1407053285281292
GDPa1-164,HIC,Structure,Ridge,1,2.9,2.8173184575385553
GDPa1-165,HIC,Structure,Ridge,1,2.505,2.922454403733864
GDPa1-169,HIC,Structure,Ridge,1,3.2,2.757572549130304
GDPa1-170,HIC,Structure,Ridge,1,2.605,2.470134004540878
GDPa1-171,HIC,Structure,Ridge,1,2.74,2.91855277397393
GDPa1-176,HIC,Structure,Ridge,1,2.54,2.99233123755209
GDPa1-185,HIC,Structure,Ridge,1,2.515,2.7675384153263907
GDPa1-190,HIC,Structure,Ridge,1,2.845,2.903782621061701
GDPa1-191,HIC,Structure,Ridge,1,3.33,2.87599727358628
GDPa1-193,HIC,Structure,Ridge,1,2.8600000000000003,2.438043511754074
GDPa1-199,HIC,Structure,Ridge,1,2.575,2.6610371624590012
GDPa1-201,HIC,Structure,Ridge,1,2.5700000000000003,2.7493712468048646
GDPa1-203,HIC,Structure,Ridge,1,2.745,3.0036647266517638
GDPa1-211,HIC,Structure,Ridge,1,2.53,3.0012347150883825
GDPa1-215,HIC,Structure,Ridge,1,3.06,2.8462841343139593
GDPa1-219,HIC,Structure,Ridge,1,2.465,2.58317711060631
GDPa1-223,HIC,Structure,Ridge,1,3.1,2.9858615943733793
GDPa1-237,HIC,Structure,Ridge,1,2.58,2.727075420254588
GDPa1-241,HIC,Structure,Ridge,1,3.16,2.892084112266944
GDPa1-001,HIC,Structure,Ridge,2,2.59,3.048345849739065
GDPa1-003,HIC,Structure,Ridge,2,2.705,2.813206603648854
GDPa1-008,HIC,Structure,Ridge,2,2.535,2.5308322096414284
GDPa1-009,HIC,Structure,Ridge,2,2.67,2.6983512201695703
GDPa1-017,HIC,Structure,Ridge,2,2.635,2.991036077436288
GDPa1-018,HIC,Structure,Ridge,2,3.085,2.797232822873748
GDPa1-027,HIC,Structure,Ridge,2,2.6,2.7842568309383715
GDPa1-033,HIC,Structure,Ridge,2,2.5,2.620003424276552
GDPa1-048,HIC,Structure,Ridge,2,2.51,3.023246940140271
GDPa1-056,HIC,Structure,Ridge,2,2.67,2.79879692451618
GDPa1-064,HIC,Structure,Ridge,2,2.63,2.638977497018274
GDPa1-067,HIC,Structure,Ridge,2,3.4400000000000004,2.7404773800459195
GDPa1-078,HIC,Structure,Ridge,2,2.4850000000000003,2.54696154874041
GDPa1-086,HIC,Structure,Ridge,2,2.99,2.89034285125073
GDPa1-088,HIC,Structure,Ridge,2,2.555,2.641375578690369
GDPa1-091,HIC,Structure,Ridge,2,2.5700000000000003,2.8316607675228815
GDPa1-095,HIC,Structure,Ridge,2,2.465,2.667468916579344
GDPa1-099,HIC,Structure,Ridge,2,2.545,2.891551562905248
GDPa1-102,HIC,Structure,Ridge,2,3.175,2.892027355831057
GDPa1-106,HIC,Structure,Ridge,2,3.28,2.672117179553643
GDPa1-112,HIC,Structure,Ridge,2,2.63,2.445402001751985
GDPa1-113,HIC,Structure,Ridge,2,3.22,2.76598002580977
GDPa1-114,HIC,Structure,Ridge,2,3.185,3.0505591621950137
GDPa1-121,HIC,Structure,Ridge,2,2.5,2.6945012081978685
GDPa1-122,HIC,Structure,Ridge,2,3.4850000000000003,2.9270554044955874
GDPa1-128,HIC,Structure,Ridge,2,2.515,2.985241975470894
GDPa1-133,HIC,Structure,Ridge,2,2.715,2.8335802407225295
GDPa1-135,HIC,Structure,Ridge,2,2.925,2.760662833163922
GDPa1-148,HIC,Structure,Ridge,2,2.755,2.730439398071224
GDPa1-155,HIC,Structure,Ridge,2,2.7350000000000003,2.7766024487002237
GDPa1-160,HIC,Structure,Ridge,2,2.535,2.8421205578573425
GDPa1-162,HIC,Structure,Ridge,2,2.605,2.619073299343048
GDPa1-184,HIC,Structure,Ridge,2,2.91,3.0682512206813106
GDPa1-186,HIC,Structure,Ridge,2,2.675,2.630721002016447
GDPa1-189,HIC,Structure,Ridge,2,3.155,2.7756191716794745
GDPa1-194,HIC,Structure,Ridge,2,3.05,3.1789411187948926
GDPa1-195,HIC,Structure,Ridge,2,2.67,2.5259801186706388
GDPa1-202,HIC,Structure,Ridge,2,3.115,2.741262862130111
GDPa1-210,HIC,Structure,Ridge,2,3.18,3.137761433565351
GDPa1-214,HIC,Structure,Ridge,2,3.025,2.926584902616156
GDPa1-220,HIC,Structure,Ridge,2,2.575,2.368408000360558
GDPa1-224,HIC,Structure,Ridge,2,3.085,2.9184376768305884
GDPa1-228,HIC,Structure,Ridge,2,2.5,2.645013414795203
GDPa1-229,HIC,Structure,Ridge,2,2.87,2.6826447911604663
GDPa1-231,HIC,Structure,Ridge,2,2.9800000000000004,2.794204119950567
GDPa1-232,HIC,Structure,Ridge,2,3.0700000000000003,3.034715134307269
GDPa1-233,HIC,Structure,Ridge,2,3.14,3.099463818018733
GDPa1-234,HIC,Structure,Ridge,2,3.105,3.099857053598874
GDPa1-007,HIC,Structure,Ridge,3,2.45,2.3912743700280643
GDPa1-010,HIC,Structure,Ridge,3,3.155,2.908280525530256
GDPa1-012,HIC,Structure,Ridge,3,2.4800000000000004,2.635980113684656
GDPa1-024,HIC,Structure,Ridge,3,2.4450000000000003,2.8049209775126287
GDPa1-037,HIC,Structure,Ridge,3,2.72,2.8476021918263066
GDPa1-038,HIC,Structure,Ridge,3,2.66,2.538334487657364
GDPa1-040,HIC,Structure,Ridge,3,3.13,2.8157048946501964
GDPa1-043,HIC,Structure,Ridge,3,3.4,3.1100543006655386
GDPa1-055,HIC,Structure,Ridge,3,2.7300000000000004,2.4899293269851124
GDPa1-058,HIC,Structure,Ridge,3,2.535,2.485490784056517
GDPa1-077,HIC,Structure,Ridge,3,2.825,2.8090999682491176
GDPa1-081,HIC,Structure,Ridge,3,2.8600000000000003,2.765384896116201
GDPa1-090,HIC,Structure,Ridge,3,3.0700000000000003,2.647994149070215
GDPa1-094,HIC,Structure,Ridge,3,2.585,2.486514002329907
GDPa1-100,HIC,Structure,Ridge,3,2.525,2.8683536598699764
GDPa1-104,HIC,Structure,Ridge,3,3.17,2.6673559683447627
GDPa1-108,HIC,Structure,Ridge,3,2.635,2.877562266267632
GDPa1-109,HIC,Structure,Ridge,3,2.94,2.6289546976537284
GDPa1-116,HIC,Structure,Ridge,3,2.46,2.612163695005414
GDPa1-123,HIC,Structure,Ridge,3,2.435,2.4995408401067336
GDPa1-125,HIC,Structure,Ridge,3,3.725,3.1611615120663066
GDPa1-127,HIC,Structure,Ridge,3,4.5,3.203080807331918
GDPa1-136,HIC,Structure,Ridge,3,2.5700000000000003,2.462121698733554
GDPa1-144,HIC,Structure,Ridge,3,2.6950000000000003,2.645815353551761
GDPa1-147,HIC,Structure,Ridge,3,3.01,2.687291318323271
GDPa1-156,HIC,Structure,Ridge,3,2.93,2.9059964828321836
GDPa1-163,HIC,Structure,Ridge,3,2.52,2.7190820870749097
GDPa1-166,HIC,Structure,Ridge,3,3.08,2.972155592424271
GDPa1-168,HIC,Structure,Ridge,3,2.5700000000000003,2.479713550018291
GDPa1-173,HIC,Structure,Ridge,3,2.845,2.760279424234908
GDPa1-192,HIC,Structure,Ridge,3,2.6500000000000004,2.4109281484458713
GDPa1-198,HIC,Structure,Ridge,3,2.62,2.8004792439305546
GDPa1-204,HIC,Structure,Ridge,3,2.875,2.813791026812861
GDPa1-206,HIC,Structure,Ridge,3,2.6100000000000003,2.641181640721777
GDPa1-207,HIC,Structure,Ridge,3,3.165,3.3020568342700463
GDPa1-212,HIC,Structure,Ridge,3,2.62,2.7718508488486084
GDPa1-213,HIC,Structure,Ridge,3,2.635,2.8612232111460894
GDPa1-217,HIC,Structure,Ridge,3,2.9850000000000003,2.7161411390349097
GDPa1-221,HIC,Structure,Ridge,3,2.78,2.697849657442652
GDPa1-226,HIC,Structure,Ridge,3,2.545,2.5072730826656473
GDPa1-235,HIC,Structure,Ridge,3,2.45,2.7741456168497076
GDPa1-236,HIC,Structure,Ridge,3,3.035,3.2763231605295697
GDPa1-239,HIC,Structure,Ridge,3,2.775,3.016231209113891
GDPa1-245,HIC,Structure,Ridge,3,2.66,2.781859776488607
GDPa1-011,HIC,Structure,Ridge,4,2.81,2.9505707911690155
GDPa1-015,HIC,Structure,Ridge,4,3.115,2.8260933198861924
GDPa1-020,HIC,Structure,Ridge,4,2.91,2.792135406521245
GDPa1-025,HIC,Structure,Ridge,4,2.83,2.8746418535680487
GDPa1-030,HIC,Structure,Ridge,4,4.5,2.9285971735336522
GDPa1-031,HIC,Structure,Ridge,4,3.025,3.0649478740253224
GDPa1-032,HIC,Structure,Ridge,4,2.58,2.5650888692651246
GDPa1-034,HIC,Structure,Ridge,4,2.87,2.8359254932158295
GDPa1-035,HIC,Structure,Ridge,4,2.62,2.661709276593323
GDPa1-045,HIC,Structure,Ridge,4,3.265,3.2192899522048983
GDPa1-047,HIC,Structure,Ridge,4,2.465,2.732125785796728
GDPa1-049,HIC,Structure,Ridge,4,2.865,2.8716821940443418
GDPa1-050,HIC,Structure,Ridge,4,2.89,2.901456512572582
GDPa1-052,HIC,Structure,Ridge,4,2.59,2.860859477992183
GDPa1-057,HIC,Structure,Ridge,4,2.43,2.432421203686984
GDPa1-059,HIC,Structure,Ridge,4,2.745,2.650273543888963
GDPa1-063,HIC,Structure,Ridge,4,2.915,2.8578603043934248
GDPa1-068,HIC,Structure,Ridge,4,2.615,2.71697843053847
GDPa1-071,HIC,Structure,Ridge,4,2.795,2.9399952445798276
GDPa1-084,HIC,Structure,Ridge,4,3.305,2.9539155192326776
GDPa1-085,HIC,Structure,Ridge,4,2.62,2.9858021096522425
GDPa1-089,HIC,Structure,Ridge,4,3.585,3.059302591797885
GDPa1-093,HIC,Structure,Ridge,4,3.4000000000000004,2.950968937573666
GDPa1-103,HIC,Structure,Ridge,4,3.17,3.1142216949797663
GDPa1-105,HIC,Structure,Ridge,4,3.01,2.8904074046083252
GDPa1-117,HIC,Structure,Ridge,4,3.08,2.8871831272190978
GDPa1-118,HIC,Structure,Ridge,4,2.615,2.6754868173465836
GDPa1-124,HIC,Structure,Ridge,4,2.5,2.658719766039873
GDPa1-132,HIC,Structure,Ridge,4,2.96,2.918938882796697
GDPa1-137,HIC,Structure,Ridge,4,2.49,2.554371979233467
GDPa1-139,HIC,Structure,Ridge,4,2.6500000000000004,2.9120824373689707
GDPa1-140,HIC,Structure,Ridge,4,2.7350000000000003,2.733094322399991
GDPa1-143,HIC,Structure,Ridge,4,2.45,2.939702728181891
GDPa1-145,HIC,Structure,Ridge,4,2.47,2.7704545416388453
GDPa1-151,HIC,Structure,Ridge,4,2.805,2.9555678456830297
GDPa1-153,HIC,Structure,Ridge,4,2.9450000000000003,2.9265019239036167
GDPa1-157,HIC,Structure,Ridge,4,2.955,2.621824980409226
GDPa1-167,HIC,Structure,Ridge,4,2.8200000000000003,2.9142977939380827
GDPa1-178,HIC,Structure,Ridge,4,2.55,2.853071571134195
GDPa1-180,HIC,Structure,Ridge,4,2.9000000000000004,2.8865146710814575
GDPa1-183,HIC,Structure,Ridge,4,2.835,2.9385796489280764
GDPa1-205,HIC,Structure,Ridge,4,2.84,2.992305575196234
GDPa1-208,HIC,Structure,Ridge,4,2.965,2.886734045324004
GDPa1-216,HIC,Structure,Ridge,4,2.46,2.6029923314969476
GDPa1-218,HIC,Structure,Ridge,4,2.685,2.6512379689130845
GDPa1-227,HIC,Structure,Ridge,4,2.665,2.7679790142629335
GDPa1-240,HIC,Structure,Ridge,4,3.095,2.9665848607531964
GDPa1-243,HIC,Structure,Ridge,4,4.5,3.124422158728214
GDPa1-246,HIC,Structure,Ridge,4,2.53,2.952696753850103
